,the,to,of,in,and,said,a,s,for,oil,mln,u,on,that,from,at,it,is,by,tonnes
reuters-topics/grain/article579.txt,39,12,8,13,7,4,11,0,3,0,0,0,5,2,3,0,3,8,3,0
reuters-topics/grain/article545.txt,13,9,9,1,4,2,4,1,2,0,1,1,2,2,1,1,2,0,0,2
reuters-topics/grain/article223.txt,8,6,2,4,0,4,1,4,1,0,3,3,0,1,3,0,1,0,1,3
reuters-topics/grain/article237.txt,0,0,0,0,0,0,0,0,0,0,0,0,0,0,0,0,0,0,0,0
reuters-topics/grain/article551.txt,8,4,3,8,0,1,5,2,1,0,0,0,1,3,0,0,3,2,4,0
reuters-topics/grain/article009.txt,7,5,4,1,1,3,2,1,3,0,0,1,0,0,1,0,0,1,0,2
reuters-topics/grain/article021.txt,1,1,0,1,1,0,0,0,0,0,0,0,0,0,0,0,0,0,0,0
reuters-topics/grain/article035.txt,0,0,0,0,0,0,0,2,0,0,6,2,0,0,0,0,0,0,0,0
reuters-topics/grain/article196.txt,0,0,0,0,0,0,0,2,0,0,0,2,0,0,0,0,0,0,0,0
reuters-topics/grain/article182.txt,6,2,5,6,3,3,0,0,0,0,0,0,1,0,0,0,1,0,0,0
reuters-topics/grain/article169.txt,6,6,5,2,5,1,0,0,0,0,0,0,1,0,1,0,0,3,0,0
reuters-topics/grain/article155.txt,5,4,3,0,0,3,2,9,2,0,0,6,0,0,1,1,0,0,0,1
reuters-topics/grain/article141.txt,11,6,7,6,1,5,7,7,2,0,13,1,1,6,2,4,0,3,0,9
reuters-topics/grain/article394.txt,8,3,2,2,1,3,0,2,3,0,4,2,2,3,1,0,0,2,1,3
reuters-topics/grain/article380.txt,0,0,0,2,0,0,0,2,0,0,0,2,0,0,0,0,0,0,0,0
reuters-topics/grain/article419.txt,11,9,7,4,3,8,7,10,2,0,0,9,1,4,1,0,5,0,2,0
reuters-topics/grain/article431.txt,7,3,3,1,3,0,1,2,4,0,3,2,0,0,0,0,0,2,0,2
reuters-topics/grain/article357.txt,0,0,0,0,0,0,0,2,0,0,0,2,0,0,0,0,0,0,0,0
reuters-topics/grain/article343.txt,2,2,0,0,2,1,1,0,4,0,0,0,0,0,0,1,0,0,0,0
reuters-topics/grain/article425.txt,14,8,6,4,5,7,4,2,2,0,0,1,2,5,1,4,0,3,1,0
reuters-topics/grain/article342.txt,2,0,2,0,0,1,0,1,1,0,0,0,0,0,0,2,0,0,0,1
reuters-topics/grain/article424.txt,16,19,13,11,13,13,25,2,3,0,0,1,3,3,2,4,3,3,1,0
reuters-topics/grain/article430.txt,6,3,4,3,1,3,0,0,0,0,9,0,2,0,1,1,0,1,0,6
reuters-topics/grain/article356.txt,6,3,2,4,1,3,1,4,0,0,2,2,1,0,2,3,3,0,0,3
reuters-topics/grain/article418.txt,5,0,8,0,0,3,2,1,3,0,0,0,0,0,0,3,0,0,0,3
reuters-topics/grain/article381.txt,13,9,9,9,4,3,2,0,3,0,1,0,1,0,1,1,0,0,0,0
reuters-topics/grain/article395.txt,25,8,8,6,7,8,6,11,3,0,5,9,1,1,7,2,1,3,1,5
reuters-topics/grain/article140.txt,0,0,0,2,0,0,0,2,0,0,0,2,0,0,0,0,0,0,0,0
reuters-topics/grain/article154.txt,41,26,11,21,17,13,13,7,8,3,1,0,3,6,3,2,5,13,2,1
reuters-topics/grain/article168.txt,10,6,2,2,10,1,1,0,2,0,3,2,2,0,0,0,0,0,4,15
reuters-topics/grain/article183.txt,66,42,40,24,37,13,29,15,17,1,1,12,7,12,7,2,10,8,7,1
reuters-topics/grain/article197.txt,0,0,0,0,0,0,0,2,0,0,0,2,0,0,0,0,0,0,0,0
reuters-topics/grain/article034.txt,0,0,0,2,0,0,0,0,0,0,2,0,0,0,0,2,0,0,0,2
reuters-topics/grain/article020.txt,1,0,1,1,1,1,0,2,2,0,0,2,0,0,0,0,0,0,0,3
reuters-topics/grain/article008.txt,3,3,6,0,2,3,2,0,3,0,0,0,0,0,0,0,0,1,4,3
reuters-topics/grain/article236.txt,9,2,3,0,1,2,0,1,1,0,0,1,1,0,0,1,0,2,0,0
reuters-topics/grain/article550.txt,8,0,4,3,4,2,5,1,1,0,4,0,1,0,1,0,1,2,0,1
reuters-topics/grain/article544.txt,0,0,0,2,0,0,0,2,0,0,0,2,0,0,0,0,0,0,0,0
reuters-topics/grain/article222.txt,16,8,5,2,0,3,4,5,5,0,1,5,1,4,3,0,0,1,1,2
reuters-topics/grain/article578.txt,0,4,4,0,2,2,2,1,4,0,0,0,0,0,1,1,0,0,0,4
reuters-topics/grain/article208.txt,15,11,10,9,7,9,4,3,1,0,2,0,3,0,4,0,3,3,2,2
reuters-topics/grain/article552.txt,7,5,2,4,2,2,1,3,1,0,0,1,2,1,2,0,0,1,0,0
reuters-topics/grain/article234.txt,11,0,5,1,2,2,0,3,1,0,0,3,1,0,4,0,0,1,0,1
reuters-topics/grain/article220.txt,52,29,30,9,3,4,15,13,1,0,4,10,2,10,3,2,3,5,2,3
reuters-topics/grain/article546.txt,17,10,4,3,4,3,5,8,1,0,1,8,3,2,1,2,2,5,2,1
reuters-topics/grain/article036.txt,3,0,1,16,0,0,0,2,1,1,4,2,3,0,0,28,0,0,0,0
reuters-topics/grain/article022.txt,5,3,2,2,4,3,2,2,2,0,0,1,0,0,3,0,1,0,0,2
reuters-topics/grain/article181.txt,5,2,2,1,5,1,0,0,2,0,3,2,1,0,0,0,0,0,2,6
reuters-topics/grain/article195.txt,10,5,1,9,6,4,1,1,3,0,0,1,0,0,0,0,2,3,0,0
reuters-topics/grain/article142.txt,3,3,2,1,2,0,4,2,1,0,0,2,1,1,0,0,0,0,1,0
reuters-topics/grain/article156.txt,2,2,9,0,6,1,4,3,8,0,0,2,0,0,0,3,0,0,0,5
reuters-topics/grain/article383.txt,0,0,0,2,0,0,0,0,0,0,2,0,0,0,0,2,0,0,0,2
reuters-topics/grain/article397.txt,5,0,8,0,1,2,2,3,2,0,0,3,0,0,0,0,0,0,1,3
reuters-topics/grain/article368.txt,11,9,4,2,5,5,6,8,4,0,0,7,3,6,0,0,0,2,0,0
reuters-topics/grain/article426.txt,5,1,2,1,7,2,4,2,3,0,0,2,2,1,0,0,0,0,0,0
reuters-topics/grain/article340.txt,3,1,5,0,3,2,2,1,4,0,0,0,0,0,0,3,1,0,0,3
reuters-topics/grain/article354.txt,2,7,1,2,2,1,2,0,1,0,0,0,1,0,0,0,0,0,0,1
reuters-topics/grain/article432.txt,3,5,1,5,0,3,4,2,0,0,3,0,0,0,1,0,1,1,1,0
reuters-topics/grain/article355.txt,6,5,2,6,2,4,1,0,1,0,2,0,0,0,1,0,0,0,1,2
reuters-topics/grain/article433.txt,6,2,1,4,3,2,3,1,2,0,0,0,0,1,0,1,0,0,0,0
reuters-topics/grain/article427.txt,12,6,10,5,2,0,0,6,1,0,1,5,0,0,0,0,0,0,0,6
reuters-topics/grain/article341.txt,5,2,4,9,3,3,6,1,0,0,0,0,0,1,0,1,0,1,0,0
reuters-topics/grain/article369.txt,7,3,3,2,2,2,2,6,0,0,0,6,1,2,1,0,0,0,2,0
reuters-topics/grain/article396.txt,10,3,3,4,4,5,1,4,1,1,2,0,0,1,2,0,1,2,2,1
reuters-topics/grain/article382.txt,0,0,0,4,0,0,0,0,0,0,2,0,0,0,0,0,0,0,0,2
reuters-topics/grain/article157.txt,11,2,2,1,5,4,2,1,3,0,3,0,1,0,0,0,1,5,0,3
reuters-topics/grain/article143.txt,0,2,0,0,0,0,0,2,0,0,0,2,0,0,0,0,0,0,0,0
reuters-topics/grain/article194.txt,5,3,8,0,0,3,1,0,1,0,0,0,0,0,0,1,1,0,1,4
reuters-topics/grain/article180.txt,4,0,1,3,7,1,0,0,1,0,0,0,0,0,0,0,0,0,1,0
reuters-topics/grain/article023.txt,2,4,9,0,6,2,2,1,8,0,0,0,0,0,0,2,0,0,0,8
reuters-topics/grain/article037.txt,11,5,5,5,1,1,0,5,3,0,0,4,0,0,0,0,0,0,0,4
reuters-topics/grain/article221.txt,6,6,5,3,0,0,1,2,0,0,0,1,0,1,1,1,0,1,0,0
reuters-topics/grain/article547.txt,6,4,1,2,4,2,3,0,0,2,0,0,0,0,4,1,0,0,2,0
reuters-topics/grain/article553.txt,36,10,11,5,9,8,4,4,4,0,0,0,2,0,1,2,0,2,1,0
reuters-topics/grain/article235.txt,1,2,0,0,1,0,0,0,0,0,0,0,0,0,0,2,0,0,0,0
reuters-topics/grain/article209.txt,8,2,3,1,0,1,0,1,2,0,0,2,0,0,0,0,0,0,0,3
reuters-topics/grain/article580.txt,0,0,0,0,0,0,0,0,0,0,0,0,0,0,0,0,0,0,0,2
reuters-topics/grain/article231.txt,3,2,1,0,2,2,0,2,0,0,1,2,0,0,0,1,2,0,1,1
reuters-topics/grain/article557.txt,13,7,9,6,3,5,4,2,1,0,0,0,1,2,0,1,0,1,0,0
reuters-topics/grain/article543.txt,9,10,8,2,2,2,7,3,3,0,0,3,2,4,1,2,1,1,1,0
reuters-topics/grain/article225.txt,10,2,10,6,7,5,0,2,1,3,2,2,0,2,3,1,4,0,1,4
reuters-topics/grain/article219.txt,11,6,5,8,4,4,1,4,0,0,1,0,1,0,1,2,1,0,1,0
reuters-topics/grain/article033.txt,0,0,0,2,0,0,0,0,0,0,2,0,0,0,0,0,0,0,0,2
reuters-topics/grain/article027.txt,14,9,6,3,3,6,2,3,4,0,0,1,1,0,1,2,2,2,2,1
reuters-topics/grain/article184.txt,6,2,2,3,2,2,2,0,0,0,1,0,0,0,0,0,1,0,0,3
reuters-topics/grain/article190.txt,8,8,1,0,2,1,2,1,0,0,0,1,2,3,0,1,1,1,3,0
reuters-topics/grain/article147.txt,7,7,5,3,1,4,2,2,3,0,7,0,0,0,1,1,0,0,0,6
reuters-topics/grain/article153.txt,40,2,12,3,16,9,0,2,10,1,1,1,1,0,5,0,5,0,0,12
reuters-topics/grain/article386.txt,10,4,5,1,2,3,0,1,1,0,0,1,1,0,2,0,1,1,0,2
reuters-topics/grain/article392.txt,1,2,0,0,1,0,0,0,0,0,0,0,0,0,0,2,0,0,0,0
reuters-topics/grain/article345.txt,23,21,16,22,8,2,9,6,2,5,9,1,5,2,6,1,2,6,5,10
reuters-topics/grain/article423.txt,4,2,5,1,1,2,5,4,2,0,0,4,0,0,4,0,0,2,0,2
reuters-topics/grain/article437.txt,18,14,7,5,7,11,9,10,8,0,9,8,3,9,1,0,0,1,2,8
reuters-topics/grain/article351.txt,30,6,9,4,12,5,1,6,14,1,1,2,2,0,1,0,2,0,5,11
reuters-topics/grain/article379.txt,1,6,0,1,5,0,7,1,0,0,12,0,0,0,3,1,0,1,0,0
reuters-topics/grain/article378.txt,5,0,3,4,3,4,0,0,1,0,0,1,0,0,0,2,0,0,1,2
reuters-topics/grain/article436.txt,16,8,11,3,1,6,3,3,3,0,3,3,0,1,2,0,0,0,0,7
reuters-topics/grain/article350.txt,7,1,8,2,0,3,5,2,0,0,3,0,2,0,0,1,0,2,0,5
reuters-topics/grain/article344.txt,6,1,3,2,3,2,0,0,1,0,0,0,0,0,2,0,2,0,0,6
reuters-topics/grain/article422.txt,0,0,0,0,0,0,0,2,2,0,0,2,0,0,2,0,0,0,0,2
reuters-topics/grain/article393.txt,39,16,9,8,13,13,14,2,8,0,0,1,3,6,0,11,3,3,2,0
reuters-topics/grain/article387.txt,7,2,4,5,7,3,4,5,1,0,5,2,0,0,5,2,1,0,1,5
reuters-topics/grain/article152.txt,9,4,7,3,1,0,0,6,1,0,1,5,0,0,0,0,0,0,0,4
reuters-topics/grain/article146.txt,3,8,0,2,3,2,7,0,0,0,0,0,1,0,0,0,1,0,0,0
reuters-topics/grain/article191.txt,2,3,4,0,1,2,0,0,3,0,0,0,0,0,0,0,0,1,1,4
reuters-topics/grain/article185.txt,9,6,3,7,6,6,3,3,1,0,2,1,0,1,0,1,1,0,0,0
reuters-topics/grain/article026.txt,2,0,4,0,2,2,1,1,1,0,0,0,0,0,0,3,1,0,0,2
reuters-topics/grain/article032.txt,7,0,3,1,3,3,1,0,4,0,0,0,0,1,0,1,0,0,1,1
reuters-topics/grain/article218.txt,9,5,2,0,5,1,2,0,0,0,0,0,1,0,1,2,1,0,0,0
reuters-topics/grain/article542.txt,20,9,8,7,1,5,7,8,2,0,0,0,0,4,4,0,2,3,4,1
reuters-topics/grain/article224.txt,0,1,0,0,1,1,0,0,0,0,0,0,0,0,0,2,0,0,0,0
reuters-topics/grain/article230.txt,9,4,5,3,5,7,11,3,3,0,2,2,3,3,0,3,2,3,0,2
reuters-topics/grain/article556.txt,9,4,5,4,3,4,4,1,2,0,0,0,3,1,0,1,0,0,1,0
reuters-topics/grain/article581.txt,9,5,2,0,2,0,1,3,1,0,0,3,3,0,0,0,0,0,3,0
reuters-topics/grain/article226.txt,48,37,9,25,17,5,1,4,5,0,18,0,8,0,0,3,3,4,1,14
reuters-topics/grain/article540.txt,3,1,7,2,4,1,1,1,0,0,0,0,1,0,0,0,0,0,0,6
reuters-topics/grain/article554.txt,5,2,0,3,3,3,2,3,0,0,0,3,1,0,1,2,0,0,2,0
reuters-topics/grain/article232.txt,9,5,3,3,4,3,0,3,2,0,1,3,2,0,2,1,0,0,0,1
reuters-topics/grain/article568.txt,27,11,9,2,7,2,4,5,1,0,2,5,0,3,0,4,0,0,4,2
reuters-topics/grain/article024.txt,0,0,0,0,0,0,0,0,0,0,0,0,0,0,0,0,0,0,0,2
reuters-topics/grain/article030.txt,4,4,2,0,1,0,0,0,0,0,0,0,0,0,2,2,0,2,1,0
reuters-topics/grain/article018.txt,12,11,7,1,5,1,9,3,7,0,0,3,2,0,11,3,0,0,0,0
reuters-topics/grain/article193.txt,8,4,0,7,1,0,2,2,2,0,7,2,0,0,2,1,0,0,1,0
reuters-topics/grain/article187.txt,18,11,5,2,3,3,4,5,6,0,0,0,2,0,2,2,0,0,1,0
reuters-topics/grain/article150.txt,26,15,10,9,14,4,5,8,6,0,1,0,4,5,1,0,2,0,2,0
reuters-topics/grain/article144.txt,5,4,0,2,1,1,2,1,1,0,0,0,0,1,1,0,0,0,2,0
reuters-topics/grain/article178.txt,1,1,0,0,5,1,4,0,1,0,0,0,0,0,0,0,0,0,0,0
reuters-topics/grain/article391.txt,1,0,7,0,3,1,1,0,7,0,9,0,0,0,0,1,0,0,0,0
reuters-topics/grain/article385.txt,6,2,2,2,1,2,0,2,1,0,1,2,0,0,0,0,0,0,1,0
reuters-topics/grain/article352.txt,23,19,14,4,7,9,13,2,5,0,1,1,0,1,0,0,2,5,5,0
reuters-topics/grain/article434.txt,7,5,4,1,0,1,3,6,0,0,2,4,2,1,0,0,0,1,0,2
reuters-topics/grain/article420.txt,13,5,3,2,0,4,4,5,0,0,0,4,4,8,0,1,6,0,1,0
reuters-topics/grain/article346.txt,33,29,18,9,9,8,12,3,5,0,1,0,2,4,2,2,5,9,2,0
reuters-topics/grain/article408.txt,6,2,3,2,1,1,2,3,2,0,2,1,0,0,3,1,0,1,0,3
reuters-topics/grain/article409.txt,23,9,5,4,5,7,4,3,2,0,9,0,3,1,0,1,2,4,0,8
reuters-topics/grain/article421.txt,10,6,6,2,7,8,3,7,0,0,4,6,1,3,0,2,6,0,1,5
reuters-topics/grain/article347.txt,9,2,5,4,4,1,0,3,6,0,0,2,0,0,0,0,0,0,0,6
reuters-topics/grain/article353.txt,4,7,1,1,0,0,3,2,1,0,1,2,0,0,0,0,0,0,2,0
reuters-topics/grain/article435.txt,8,7,2,2,1,2,2,2,1,0,5,1,1,1,0,0,0,1,2,0
reuters-topics/grain/article384.txt,3,0,0,3,1,0,0,1,0,0,16,1,0,0,0,8,1,2,0,16
reuters-topics/grain/article390.txt,16,4,7,1,0,3,0,3,6,0,3,3,0,2,1,1,0,1,0,6
reuters-topics/grain/article179.txt,5,2,1,5,6,1,1,0,0,0,0,0,0,0,0,0,0,0,0,0
reuters-topics/grain/article145.txt,24,8,5,10,3,6,8,2,4,0,3,0,4,3,1,1,2,4,3,2
reuters-topics/grain/article151.txt,5,4,1,1,1,1,3,1,0,0,1,0,1,1,1,0,1,1,3,0
reuters-topics/grain/article186.txt,7,2,6,2,4,2,1,0,1,0,5,4,0,0,0,0,0,0,1,6
reuters-topics/grain/article192.txt,10,2,2,8,6,5,1,1,3,0,0,1,1,1,1,1,0,0,1,0
reuters-topics/grain/article019.txt,18,5,13,13,7,5,1,1,4,0,12,0,0,0,1,2,3,1,3,10
reuters-topics/grain/article031.txt,0,0,0,0,0,0,0,0,0,0,0,0,0,0,0,0,0,0,0,0
reuters-topics/grain/article025.txt,0,0,0,0,0,0,0,0,0,0,0,0,0,0,0,0,0,0,0,2
reuters-topics/grain/article569.txt,33,24,11,11,6,24,14,13,3,0,4,11,4,6,3,7,3,6,0,0
reuters-topics/grain/article555.txt,17,7,12,1,6,3,2,1,0,0,6,0,3,2,0,1,1,2,3,8
reuters-topics/grain/article233.txt,12,4,4,1,3,5,0,3,4,0,0,3,0,0,2,0,0,1,0,3
reuters-topics/grain/article227.txt,0,2,0,0,2,0,0,0,0,0,0,0,0,0,0,0,0,0,0,0
reuters-topics/grain/article541.txt,7,2,2,1,1,1,6,0,3,0,0,0,1,2,0,0,3,1,0,0
reuters-topics/grain/article283.txt,3,0,2,3,0,0,0,1,0,0,2,1,0,0,0,0,0,0,1,0
reuters-topics/grain/article297.txt,4,1,6,1,4,3,0,2,9,0,0,2,0,0,0,0,0,0,1,7
reuters-topics/grain/article268.txt,18,10,9,7,10,10,7,6,2,0,2,6,1,0,2,1,0,4,0,0
reuters-topics/grain/article240.txt,14,3,5,1,3,1,2,3,3,0,1,3,1,1,0,1,0,0,2,2
reuters-topics/grain/article526.txt,0,2,0,0,0,0,0,2,2,0,0,2,0,0,2,0,0,0,0,2
reuters-topics/grain/article532.txt,2,2,0,7,12,0,4,1,1,0,7,0,0,0,1,0,0,0,0,6
reuters-topics/grain/article254.txt,6,6,5,2,4,1,1,0,5,0,0,3,0,0,2,3,0,0,3,1
reuters-topics/grain/article081.txt,11,8,6,3,6,5,3,10,2,0,0,8,7,2,1,1,0,3,2,0
reuters-topics/grain/article095.txt,4,4,5,6,3,3,1,2,0,0,2,0,0,0,0,1,1,2,1,4
reuters-topics/grain/article042.txt,1,0,0,2,0,0,0,2,0,0,8,1,0,0,0,4,1,0,0,6
reuters-topics/grain/article056.txt,1,0,1,6,1,0,9,1,1,0,7,1,0,0,0,0,0,0,2,7
reuters-topics/grain/article136.txt,15,7,8,2,2,6,4,0,4,0,1,0,2,1,2,2,1,1,2,2
reuters-topics/grain/article122.txt,6,7,3,3,5,4,2,1,0,0,0,0,0,0,0,0,1,0,1,0
reuters-topics/grain/article491.txt,9,5,4,1,2,3,1,2,2,0,0,2,1,0,1,0,1,1,0,0
reuters-topics/grain/article485.txt,12,11,4,1,2,3,2,3,0,0,0,2,2,5,0,1,0,1,0,0
reuters-topics/grain/article308.txt,18,33,11,17,20,2,5,9,4,0,18,0,0,0,2,2,0,6,2,9
reuters-topics/grain/article334.txt,12,6,3,0,0,4,3,2,3,0,0,1,1,1,0,1,1,1,0,0
reuters-topics/grain/article452.txt,30,13,20,9,12,12,7,2,4,0,13,1,2,6,5,1,2,6,3,0
reuters-topics/grain/article446.txt,8,4,9,6,2,4,2,1,0,0,1,0,0,0,1,1,2,2,1,6
reuters-topics/grain/article320.txt,9,6,3,0,1,4,3,3,0,0,0,2,2,2,0,0,0,2,0,0
reuters-topics/grain/article447.txt,9,1,6,4,0,3,1,2,0,0,0,0,0,0,2,1,0,1,0,1
reuters-topics/grain/article321.txt,6,3,1,2,5,0,2,1,4,0,0,0,0,3,1,0,0,0,2,0
reuters-topics/grain/article335.txt,0,0,0,0,0,0,0,0,0,0,0,0,0,0,0,2,0,0,0,0
reuters-topics/grain/article453.txt,8,5,2,1,1,3,4,10,0,0,0,9,6,1,0,2,0,2,0,0
reuters-topics/grain/article309.txt,14,10,4,6,3,3,2,2,1,0,4,2,3,4,0,1,1,1,2,0
reuters-topics/grain/article484.txt,11,3,3,4,4,2,2,4,0,0,0,3,0,0,0,1,0,1,0,0
reuters-topics/grain/article490.txt,50,15,13,13,8,8,5,3,6,0,1,3,1,3,2,3,4,0,7,1
reuters-topics/grain/article123.txt,22,15,12,8,12,9,7,3,5,1,1,0,5,2,5,3,3,0,1,0
reuters-topics/grain/article137.txt,6,1,1,0,4,3,1,1,4,0,2,1,1,0,2,2,1,2,0,2
reuters-topics/grain/article057.txt,9,2,5,1,4,2,0,2,2,0,0,2,2,0,2,0,0,1,0,4
reuters-topics/grain/article043.txt,2,0,0,0,1,0,0,3,0,0,8,1,0,0,0,4,1,0,0,6
reuters-topics/grain/article094.txt,10,4,11,5,4,2,6,2,2,0,0,0,2,0,1,0,0,0,2,0
reuters-topics/grain/article080.txt,5,1,2,5,2,3,0,1,2,0,1,0,2,0,2,0,4,1,1,1
reuters-topics/grain/article533.txt,13,3,10,8,2,3,1,1,0,0,8,0,0,5,3,0,2,3,1,4
reuters-topics/grain/article255.txt,13,11,4,5,4,8,1,2,3,0,0,0,4,0,1,1,4,1,0,0
reuters-topics/grain/article241.txt,22,15,10,7,8,11,4,3,5,0,0,1,2,2,1,7,10,5,2,0
reuters-topics/grain/article527.txt,10,6,4,1,2,4,2,1,2,0,0,1,1,0,1,0,1,1,0,2
reuters-topics/grain/article269.txt,7,1,3,0,1,2,0,3,2,0,0,2,0,0,1,1,0,0,0,1
reuters-topics/grain/article296.txt,8,5,6,1,3,3,0,4,6,0,7,3,1,0,3,1,0,0,0,0
reuters-topics/grain/article282.txt,3,0,2,2,0,0,1,2,0,0,1,1,1,0,1,0,0,0,0,0
reuters-topics/grain/article294.txt,0,1,0,0,1,1,0,0,0,0,0,0,0,0,0,2,0,0,0,0
reuters-topics/grain/article280.txt,21,8,6,6,4,6,0,4,4,0,5,4,1,0,3,2,1,0,0,3
reuters-topics/grain/article519.txt,59,13,17,20,22,18,7,8,9,0,0,0,0,1,2,3,8,12,5,0
reuters-topics/grain/article257.txt,13,5,10,3,8,5,3,3,4,0,0,1,0,2,3,0,0,0,1,4
reuters-topics/grain/article531.txt,7,9,4,7,3,2,1,10,0,0,4,7,0,0,6,0,0,1,0,1
reuters-topics/grain/article525.txt,29,11,21,4,8,10,6,10,10,0,7,7,4,7,3,0,1,3,2,7
reuters-topics/grain/article243.txt,6,3,3,4,0,1,0,1,0,0,1,0,1,2,1,0,0,0,0,2
reuters-topics/grain/article096.txt,7,4,3,2,0,0,2,1,1,0,0,1,1,0,1,0,0,1,1,0
reuters-topics/grain/article082.txt,15,3,6,1,4,3,3,1,0,0,2,0,1,0,0,5,0,1,0,6
reuters-topics/grain/article069.txt,5,2,2,3,2,2,2,0,1,0,2,0,0,0,2,0,2,0,0,8
reuters-topics/grain/article055.txt,10,5,7,0,5,3,0,2,5,0,0,2,0,0,0,0,1,1,0,8
reuters-topics/grain/article041.txt,3,0,0,0,1,0,0,3,0,0,12,1,0,0,0,6,1,0,0,9
reuters-topics/grain/article109.txt,13,7,6,5,8,9,6,4,8,0,0,4,6,3,4,2,0,1,2,0
reuters-topics/grain/article121.txt,0,0,0,2,0,0,0,2,0,0,0,2,0,0,0,0,0,0,0,0
reuters-topics/grain/article135.txt,12,3,9,1,3,1,0,1,3,0,0,1,0,0,0,0,1,0,0,5
reuters-topics/grain/article486.txt,19,19,9,5,3,10,5,6,0,0,0,1,5,4,1,2,0,2,2,0
reuters-topics/grain/article492.txt,23,14,14,8,8,14,8,3,6,0,2,0,6,8,2,2,0,3,5,0
reuters-topics/grain/article479.txt,0,2,0,0,0,0,0,2,2,0,0,2,0,0,0,0,0,0,0,2
reuters-topics/grain/article323.txt,11,1,7,4,7,7,2,1,2,0,0,0,0,0,0,1,4,1,2,0
reuters-topics/grain/article445.txt,7,4,2,3,1,3,3,7,1,0,0,7,2,1,0,0,0,2,1,0
reuters-topics/grain/article451.txt,11,5,1,2,3,2,5,2,0,0,0,2,1,2,0,1,0,0,0,0
reuters-topics/grain/article337.txt,8,3,18,0,6,1,1,0,8,0,0,0,0,0,1,0,0,0,1,7
reuters-topics/grain/article450.txt,8,4,5,1,1,3,1,2,3,0,0,2,0,0,1,0,2,1,0,2
reuters-topics/grain/article336.txt,0,0,0,0,0,0,0,0,0,0,0,0,0,0,0,2,0,0,0,2
reuters-topics/grain/article322.txt,11,3,3,2,2,2,0,1,2,0,0,1,0,0,1,0,1,1,0,1
reuters-topics/grain/article444.txt,36,20,18,8,5,14,9,4,10,0,9,2,5,4,1,3,3,3,3,0
reuters-topics/grain/article478.txt,8,2,3,0,5,2,0,5,0,0,3,5,0,0,1,3,2,0,1,3
reuters-topics/grain/article493.txt,2,1,0,0,0,1,1,2,0,0,3,1,0,1,1,0,1,0,0,3
reuters-topics/grain/article487.txt,7,1,6,0,2,1,4,1,0,0,0,1,0,1,1,2,2,0,2,3
reuters-topics/grain/article134.txt,0,2,2,0,0,0,0,2,2,0,0,2,0,0,0,0,0,0,0,2
reuters-topics/grain/article120.txt,11,10,1,6,4,7,2,1,2,0,0,1,0,3,0,2,0,2,0,0
reuters-topics/grain/article108.txt,5,4,1,3,0,0,0,3,1,0,0,2,0,0,1,0,0,0,0,2
reuters-topics/grain/article040.txt,2,0,1,1,1,0,0,1,1,0,1,1,0,0,0,0,0,0,2,0
reuters-topics/grain/article054.txt,1,0,1,6,1,0,9,1,1,0,6,1,0,0,0,0,0,0,2,6
reuters-topics/grain/article068.txt,2,11,0,3,7,0,0,0,2,0,0,0,1,0,3,13,2,0,0,0
reuters-topics/grain/article083.txt,11,8,6,3,6,5,3,10,2,0,0,8,7,2,1,1,0,3,2,0
reuters-topics/grain/article097.txt,7,5,5,2,1,3,0,3,2,0,0,3,2,0,2,0,2,1,0,3
reuters-topics/grain/article524.txt,20,10,3,13,8,10,5,4,2,0,1,1,3,4,0,0,5,2,1,1
reuters-topics/grain/article242.txt,6,2,4,2,5,1,1,1,0,0,6,2,2,0,0,0,0,0,0,4
reuters-topics/grain/article256.txt,13,14,3,0,10,2,12,4,9,0,0,5,2,0,14,17,0,0,1,1
reuters-topics/grain/article530.txt,42,13,17,11,16,14,16,8,9,0,6,2,10,1,1,0,3,3,3,0
reuters-topics/grain/article518.txt,39,30,8,6,6,11,12,8,0,0,1,5,3,6,1,2,4,4,1,1
reuters-topics/grain/article281.txt,0,2,1,0,0,2,1,0,2,0,0,0,1,0,0,0,1,0,0,1
reuters-topics/grain/article295.txt,9,1,3,4,3,2,4,0,0,0,0,0,1,1,0,3,0,0,0,0
reuters-topics/grain/article291.txt,22,8,16,8,5,11,3,2,3,0,6,1,3,5,1,1,1,2,1,0
reuters-topics/grain/article285.txt,2,0,1,0,1,2,1,3,4,0,0,3,3,0,0,0,0,0,0,2
reuters-topics/grain/article534.txt,5,5,2,10,3,8,0,1,1,0,11,0,0,0,4,4,0,2,1,2
reuters-topics/grain/article252.txt,3,1,2,1,1,0,3,2,1,0,0,3,2,1,1,3,0,2,0,1
reuters-topics/grain/article246.txt,1,1,2,0,1,2,0,1,4,0,0,0,0,0,0,1,0,0,0,3
reuters-topics/grain/article520.txt,3,4,5,3,4,2,1,0,1,0,1,0,0,0,0,1,1,0,0,2
reuters-topics/grain/article508.txt,2,2,1,0,4,1,0,0,1,0,1,0,0,0,0,0,0,1,2,0
reuters-topics/grain/article093.txt,3,3,2,1,0,2,1,0,2,0,0,0,0,0,0,2,0,1,0,1
reuters-topics/grain/article087.txt,7,3,5,5,5,2,4,0,3,0,1,0,2,1,1,0,0,0,1,0
reuters-topics/grain/article050.txt,12,3,4,7,4,7,1,1,1,0,9,1,1,1,1,0,0,2,1,9
reuters-topics/grain/article044.txt,1,0,0,3,0,0,0,2,0,0,12,1,0,0,0,6,1,2,0,9
reuters-topics/grain/article078.txt,0,2,0,0,0,0,0,2,2,0,0,2,0,0,0,0,0,0,0,2
reuters-topics/grain/article124.txt,17,7,7,1,4,7,6,5,2,0,1,4,0,3,0,0,2,0,0,1
reuters-topics/grain/article130.txt,4,0,2,0,1,1,0,2,0,0,1,2,1,3,0,0,0,0,0,1
reuters-topics/grain/article118.txt,5,5,0,0,7,3,0,0,3,0,0,0,0,0,3,1,0,0,4,0
reuters-topics/grain/article483.txt,5,5,3,2,2,3,0,1,1,0,0,0,2,1,0,1,0,0,1,0
reuters-topics/grain/article497.txt,27,37,10,20,21,1,7,4,7,0,19,0,2,2,2,3,1,5,0,11
reuters-topics/grain/article440.txt,11,11,10,4,4,1,6,1,10,0,0,1,0,0,0,5,0,0,0,5
reuters-topics/grain/article326.txt,8,7,0,2,0,5,2,1,2,0,0,1,0,3,1,0,1,0,0,0
reuters-topics/grain/article332.txt,4,1,4,0,6,1,2,1,4,0,0,0,0,0,0,1,0,0,0,4
reuters-topics/grain/article454.txt,1,5,0,0,5,0,6,1,0,0,11,0,0,0,3,1,0,1,0,0
reuters-topics/grain/article468.txt,7,3,0,5,2,3,5,5,2,0,5,2,1,2,0,1,0,0,0,5
reuters-topics/grain/article469.txt,1,2,2,2,2,0,0,0,2,2,0,0,0,0,0,0,0,0,0,1
reuters-topics/grain/article333.txt,15,3,6,5,4,5,4,2,6,1,0,0,1,0,2,0,3,3,2,0
reuters-topics/grain/article455.txt,0,0,0,2,0,0,0,2,0,0,0,2,0,0,0,0,0,0,0,0
reuters-topics/grain/article441.txt,0,2,0,0,0,0,0,2,2,0,0,2,0,0,0,0,0,0,0,2
reuters-topics/grain/article327.txt,4,2,5,0,2,1,1,4,0,0,0,3,0,0,0,2,0,0,0,3
reuters-topics/grain/article496.txt,17,11,5,3,2,3,3,6,2,0,0,4,2,6,0,3,4,4,0,0
reuters-topics/grain/article482.txt,9,1,4,6,6,6,2,6,4,0,0,1,0,0,0,2,0,1,3,0
reuters-topics/grain/article119.txt,7,3,3,3,2,1,3,1,1,0,0,0,2,0,0,2,0,0,0,0
reuters-topics/grain/article131.txt,24,18,12,1,12,8,3,4,5,0,0,0,11,6,2,1,0,0,7,6
reuters-topics/grain/article125.txt,5,3,4,2,1,2,2,0,0,0,2,0,0,0,1,0,0,1,0,2
reuters-topics/grain/article079.txt,3,1,5,0,1,1,3,1,0,0,0,0,0,0,0,0,0,0,0,3
reuters-topics/grain/article045.txt,12,5,3,9,14,0,36,2,5,4,0,2,3,2,1,0,1,1,3,3
reuters-topics/grain/article051.txt,0,2,0,0,0,0,0,2,2,0,0,2,0,0,0,0,0,0,0,2
reuters-topics/grain/article086.txt,17,7,9,6,5,3,2,2,1,0,0,0,4,1,2,0,1,0,2,0
reuters-topics/grain/article092.txt,3,2,2,1,0,1,0,1,2,0,0,1,0,0,0,0,0,0,0,1
reuters-topics/grain/article509.txt,0,0,0,0,0,0,0,0,0,0,0,0,0,0,0,0,0,0,0,2
reuters-topics/grain/article247.txt,4,6,4,4,3,1,0,1,1,0,1,1,0,1,0,0,0,0,0,5
reuters-topics/grain/article521.txt,12,4,5,3,0,1,1,0,3,0,4,0,0,0,0,1,0,1,0,6
reuters-topics/grain/article535.txt,14,10,7,8,8,3,4,1,4,0,7,0,2,1,3,4,0,4,1,0
reuters-topics/grain/article253.txt,9,2,9,4,3,4,6,7,3,0,0,0,3,1,0,3,0,0,2,0
reuters-topics/grain/article284.txt,17,9,10,8,3,5,4,5,4,0,2,5,1,0,2,2,3,0,0,7
reuters-topics/grain/article290.txt,24,8,13,3,5,5,2,3,2,0,0,1,2,4,3,2,5,0,0,6
reuters-topics/grain/article286.txt,0,0,1,0,0,1,0,0,2,0,0,0,2,0,0,0,0,0,0,1
reuters-topics/grain/article292.txt,20,6,4,5,5,3,6,2,2,0,0,2,3,5,1,1,0,0,4,0
reuters-topics/grain/article523.txt,19,10,6,8,8,9,3,2,3,0,0,1,1,10,0,2,0,3,3,0
reuters-topics/grain/article245.txt,2,1,3,0,4,1,0,1,3,0,0,0,0,0,0,1,0,0,0,3
reuters-topics/grain/article251.txt,3,2,2,1,0,2,0,2,2,0,0,2,0,0,0,0,1,0,0,1
reuters-topics/grain/article537.txt,3,5,2,1,2,2,0,0,0,0,0,0,0,1,0,1,4,2,1,0
reuters-topics/grain/article279.txt,5,3,5,1,0,2,2,2,2,0,0,1,1,0,0,2,0,0,0,3
reuters-topics/grain/article084.txt,9,6,10,5,5,6,4,1,1,0,3,0,0,0,8,0,4,1,0,1
reuters-topics/grain/article090.txt,11,6,1,1,2,3,0,1,3,0,7,1,0,0,1,0,1,1,3,0
reuters-topics/grain/article047.txt,4,2,4,25,7,0,3,3,9,3,29,3,4,0,0,0,0,1,1,2
reuters-topics/grain/article053.txt,2,7,0,7,14,0,0,1,0,1,3,1,1,0,0,0,0,0,1,2
reuters-topics/grain/article133.txt,10,2,2,3,1,4,2,1,0,0,1,0,0,0,0,2,0,2,1,0
reuters-topics/grain/article127.txt,26,12,11,5,2,9,9,9,6,0,0,5,2,10,2,2,7,1,0,0
reuters-topics/grain/article494.txt,21,13,10,4,7,4,1,4,3,0,0,3,0,2,1,0,0,4,0,0
reuters-topics/grain/article480.txt,14,5,6,2,4,4,2,1,0,0,0,0,0,0,0,2,0,3,2,0
reuters-topics/grain/article457.txt,14,8,2,0,2,3,4,2,0,0,0,2,3,0,0,1,1,0,0,0
reuters-topics/grain/article331.txt,8,5,4,1,1,4,2,1,2,0,0,1,2,0,1,0,2,1,0,2
reuters-topics/grain/article325.txt,9,3,4,6,3,4,5,3,0,0,5,0,0,2,2,0,2,2,2,1
reuters-topics/grain/article443.txt,4,2,3,1,2,2,0,2,5,0,4,2,0,0,0,0,1,3,0,2
reuters-topics/grain/article319.txt,0,0,2,0,2,1,0,2,3,0,0,2,0,0,0,0,0,0,0,0
reuters-topics/grain/article318.txt,23,16,8,4,3,9,6,8,0,0,1,4,1,8,1,1,2,2,3,1
reuters-topics/grain/article324.txt,6,1,1,5,1,2,1,1,1,0,5,0,1,0,1,0,0,0,0,5
reuters-topics/grain/article442.txt,8,3,8,4,2,2,4,2,1,0,1,2,3,2,0,1,0,0,1,0
reuters-topics/grain/article456.txt,7,1,8,2,4,4,4,0,2,0,3,0,1,0,0,0,1,0,0,0
reuters-topics/grain/article330.txt,9,5,4,1,2,4,0,1,1,0,0,1,1,0,1,0,1,0,0,4
reuters-topics/grain/article481.txt,18,7,11,9,3,11,2,8,6,0,2,4,2,0,3,0,4,4,3,0
reuters-topics/grain/article495.txt,2,2,1,0,3,1,0,3,0,0,1,3,0,0,1,1,2,0,1,1
reuters-topics/grain/article126.txt,4,1,2,1,2,3,1,1,2,0,0,0,1,0,0,1,1,1,0,0
reuters-topics/grain/article132.txt,4,4,1,0,3,4,0,1,5,0,0,0,0,0,5,0,2,0,0,0
reuters-topics/grain/article052.txt,0,2,0,0,0,0,0,2,2,0,0,2,0,0,0,0,0,0,0,2
reuters-topics/grain/article046.txt,3,0,0,2,0,0,0,2,0,0,11,1,0,0,0,6,1,2,0,9
reuters-topics/grain/article091.txt,0,2,2,0,0,0,0,2,2,0,0,2,0,0,0,0,0,0,0,2
reuters-topics/grain/article085.txt,15,5,17,14,6,7,3,6,1,0,10,1,0,2,1,3,1,1,0,5
reuters-topics/grain/article278.txt,28,1,7,5,12,8,0,3,7,0,4,3,2,0,0,0,3,0,4,0
reuters-topics/grain/article250.txt,0,2,2,0,0,0,0,2,2,0,0,2,0,0,0,0,0,0,0,2
reuters-topics/grain/article536.txt,8,6,4,10,6,6,4,3,4,0,5,0,1,1,2,0,1,2,2,2
reuters-topics/grain/article522.txt,6,5,7,2,5,1,0,1,0,0,8,1,0,0,1,1,0,1,1,0
reuters-topics/grain/article244.txt,5,4,6,2,1,1,0,1,1,0,3,0,0,0,0,0,0,0,0,2
reuters-topics/grain/article293.txt,15,3,4,7,6,6,0,2,0,0,0,1,0,0,0,0,3,0,0,0
reuters-topics/grain/article287.txt,8,1,5,6,3,4,3,6,1,0,2,5,1,0,2,3,1,2,0,1
reuters-topics/grain/article249.txt,7,3,1,4,1,2,3,3,2,0,0,0,0,1,0,1,1,0,0,0
reuters-topics/grain/article261.txt,30,10,11,8,16,16,14,3,3,0,2,0,3,5,1,1,1,4,2,1
reuters-topics/grain/article507.txt,12,3,9,6,2,0,2,1,4,0,0,1,2,0,0,2,0,1,3,0
reuters-topics/grain/article513.txt,2,2,0,0,0,0,0,2,2,0,0,2,0,0,0,0,0,0,0,2
reuters-topics/grain/article275.txt,10,1,8,9,9,6,3,0,4,0,1,0,1,0,0,1,4,0,1,0
reuters-topics/grain/article088.txt,5,0,0,1,1,2,1,0,6,0,0,0,0,0,0,0,0,0,0,2
reuters-topics/grain/article063.txt,35,3,11,4,15,10,0,3,12,1,1,2,2,0,1,0,3,0,3,11
reuters-topics/grain/article077.txt,8,5,2,1,1,1,0,3,5,0,2,3,0,0,0,0,0,0,1,0
reuters-topics/grain/article117.txt,8,4,3,1,2,3,1,1,1,0,3,1,0,0,0,0,1,0,1,0
reuters-topics/grain/article103.txt,22,8,6,7,12,7,2,4,7,0,0,0,0,2,0,1,1,2,2,0
reuters-topics/grain/article498.txt,0,2,2,2,5,2,0,2,1,0,0,2,0,0,2,0,0,0,0,2
reuters-topics/grain/article329.txt,4,4,1,9,8,0,1,0,2,0,7,2,1,0,4,2,0,0,0,3
reuters-topics/grain/article315.txt,13,3,5,4,3,6,5,4,3,0,0,4,2,4,2,1,1,1,0,0
reuters-topics/grain/article473.txt,11,2,2,10,6,4,0,2,4,0,0,1,0,0,0,0,1,0,0,0
reuters-topics/grain/article467.txt,1,3,0,0,0,2,0,2,4,0,0,2,0,0,1,0,0,1,0,2
reuters-topics/grain/article301.txt,0,0,0,0,0,0,0,0,0,0,0,0,0,0,0,0,0,0,0,0
reuters-topics/grain/article466.txt,9,6,4,4,2,4,4,1,1,0,2,0,0,1,3,1,0,3,5,8
reuters-topics/grain/article300.txt,1,2,0,0,1,0,0,0,0,0,0,0,0,0,0,2,0,0,0,0
reuters-topics/grain/article314.txt,24,7,4,5,6,3,4,2,4,0,0,0,3,0,0,1,2,2,1,0
reuters-topics/grain/article472.txt,4,4,5,4,1,2,3,0,1,0,2,0,0,0,2,0,0,1,1,1
reuters-topics/grain/article328.txt,5,11,2,2,1,3,1,3,5,0,0,2,0,5,1,0,0,0,0,0
reuters-topics/grain/article499.txt,0,0,1,0,0,1,0,2,2,0,0,1,2,0,0,0,0,0,0,1
reuters-topics/grain/article102.txt,12,11,2,11,3,4,6,1,2,0,10,0,0,0,9,0,0,0,0,7
reuters-topics/grain/article116.txt,4,0,2,0,2,3,1,0,6,0,0,0,0,0,3,5,1,0,0,4
reuters-topics/grain/article076.txt,3,4,1,1,5,0,1,3,2,0,9,2,0,0,3,0,0,0,0,0
reuters-topics/grain/article062.txt,2,0,0,0,2,0,0,1,3,0,0,1,0,0,0,0,0,0,0,0
reuters-topics/grain/article089.txt,0,0,0,2,0,0,0,2,0,0,0,2,0,0,0,0,0,0,0,0
reuters-topics/grain/article512.txt,18,11,14,1,2,3,3,3,3,0,2,1,3,3,5,3,1,0,0,4
reuters-topics/grain/article274.txt,5,2,2,3,2,2,1,0,1,0,2,0,0,0,2,0,2,0,0,8
reuters-topics/grain/article260.txt,30,10,22,13,14,5,5,3,6,0,14,5,1,2,0,2,0,7,4,19
reuters-topics/grain/article506.txt,26,6,4,11,1,5,2,2,5,0,0,2,7,3,2,1,3,3,2,1
reuters-topics/grain/article248.txt,1,0,1,0,1,2,1,0,3,0,0,0,1,0,0,1,0,0,0,2
reuters-topics/grain/article289.txt,4,2,2,3,4,2,2,1,0,0,0,1,2,3,1,1,0,1,0,0
reuters-topics/grain/article538.txt,10,2,10,6,5,1,3,1,1,0,0,0,0,0,2,1,0,1,0,3
reuters-topics/grain/article276.txt,11,5,3,3,5,3,2,2,2,0,1,0,0,5,1,1,1,0,1,0
reuters-topics/grain/article510.txt,2,0,2,0,2,2,0,1,3,0,0,0,0,0,0,3,0,0,0,2
reuters-topics/grain/article504.txt,8,3,1,2,1,2,1,1,0,0,1,0,0,1,0,0,0,0,0,2
reuters-topics/grain/article262.txt,7,2,3,2,1,1,2,0,0,0,0,0,1,0,0,0,0,1,1,0
reuters-topics/grain/article048.txt,2,0,0,0,1,0,0,2,0,0,8,1,0,0,0,4,1,0,0,6
reuters-topics/grain/article074.txt,14,3,6,2,10,8,4,1,1,0,0,1,2,0,0,8,0,0,6,0
reuters-topics/grain/article060.txt,2,0,0,1,0,0,0,2,2,0,1,1,0,0,0,0,0,0,0,1
reuters-topics/grain/article128.txt,2,0,2,0,2,3,0,3,7,0,0,1,0,1,0,0,1,0,0,4
reuters-topics/grain/article100.txt,10,2,0,5,1,2,0,0,0,0,0,0,0,0,0,0,1,0,0,0
reuters-topics/grain/article114.txt,3,2,3,0,1,1,1,0,2,0,0,0,1,0,0,1,0,1,0,4
reuters-topics/grain/article458.txt,8,1,6,1,2,2,2,3,3,0,4,3,1,0,0,0,0,0,1,3
reuters-topics/grain/article302.txt,8,3,1,3,1,2,1,0,2,0,0,0,0,1,0,1,0,0,0,0
reuters-topics/grain/article464.txt,27,18,19,21,22,17,9,4,4,0,11,0,3,5,2,4,10,5,3,5
reuters-topics/grain/article470.txt,6,3,4,1,3,2,1,2,0,0,0,2,1,0,1,0,0,0,0,0
reuters-topics/grain/article316.txt,26,14,9,5,2,11,2,9,2,0,1,7,1,6,1,8,3,4,2,1
reuters-topics/grain/article471.txt,12,7,7,4,9,4,4,3,4,0,0,2,6,0,1,0,0,3,3,0
reuters-topics/grain/article317.txt,18,9,4,5,2,2,4,1,4,0,0,0,1,1,1,1,0,2,0,0
reuters-topics/grain/article303.txt,0,3,1,0,0,2,1,0,2,0,0,0,0,0,0,0,0,0,0,1
reuters-topics/grain/article465.txt,3,1,1,3,0,2,0,2,1,0,1,0,0,1,0,0,0,0,2,0
reuters-topics/grain/article459.txt,0,2,0,0,0,0,0,2,2,0,0,2,0,0,0,0,0,0,0,2
reuters-topics/grain/article115.txt,4,4,1,5,6,0,0,1,0,0,0,0,0,0,0,0,0,0,1,0
reuters-topics/grain/article101.txt,6,3,6,3,4,1,1,0,2,0,4,0,2,0,1,1,0,4,0,0
reuters-topics/grain/article129.txt,1,0,1,0,0,1,0,1,2,0,0,1,0,0,0,0,0,0,0,1
reuters-topics/grain/article061.txt,1,2,0,0,1,0,0,0,0,0,0,0,0,0,0,2,0,0,0,0
reuters-topics/grain/article075.txt,10,3,2,8,6,6,1,3,1,0,0,1,1,0,1,1,2,0,1,0
reuters-topics/grain/article049.txt,1,3,4,2,2,0,0,1,0,1,0,1,0,0,0,0,0,0,2,3
reuters-topics/grain/article505.txt,62,20,17,17,14,6,11,21,17,0,0,13,3,4,3,3,0,0,5,0
reuters-topics/grain/article263.txt,8,0,1,3,1,1,2,2,0,0,0,2,0,0,2,0,0,0,0,0
reuters-topics/grain/article277.txt,24,7,8,2,4,5,3,1,0,0,0,0,6,5,2,2,2,4,0,0
reuters-topics/grain/article511.txt,38,28,7,8,3,13,14,19,6,0,0,10,6,14,0,4,3,9,2,0
reuters-topics/grain/article539.txt,9,5,1,5,4,2,6,3,1,0,0,2,1,2,0,1,0,0,0,0
reuters-topics/grain/article288.txt,15,11,9,8,3,2,3,0,4,0,1,0,1,3,1,0,0,1,1,0
reuters-topics/grain/article298.txt,8,4,5,2,3,3,1,4,6,1,3,3,0,0,1,1,0,0,2,0
reuters-topics/grain/article515.txt,0,2,0,0,0,0,0,2,2,0,0,2,0,0,0,0,0,0,0,2
reuters-topics/grain/article273.txt,0,0,0,0,0,0,0,0,0,0,0,0,0,0,0,0,0,0,0,0
reuters-topics/grain/article267.txt,1,2,0,0,1,0,0,0,0,0,0,0,0,0,0,2,0,0,0,0
reuters-topics/grain/article501.txt,1,0,0,0,0,2,1,1,1,0,0,0,0,0,0,2,0,0,0,0
reuters-topics/grain/article529.txt,38,22,11,14,13,11,8,6,4,0,1,5,4,0,2,0,2,7,5,0
reuters-topics/grain/article071.txt,12,11,8,7,5,7,8,1,3,0,3,0,1,1,1,0,2,1,2,1
reuters-topics/grain/article065.txt,37,15,13,8,14,10,10,11,4,0,1,6,2,6,4,5,4,1,3,1
reuters-topics/grain/article059.txt,10,5,4,1,2,3,2,2,2,0,0,2,0,0,1,0,0,2,0,2
reuters-topics/grain/article105.txt,22,8,6,7,12,7,2,4,7,0,0,0,0,2,0,1,1,2,2,0
reuters-topics/grain/article111.txt,10,3,3,1,2,2,1,1,0,1,0,0,1,1,0,0,0,2,1,0
reuters-topics/grain/article139.txt,9,5,0,1,1,2,3,3,0,0,0,3,1,0,1,0,1,2,0,0
reuters-topics/grain/article461.txt,11,5,6,1,1,3,1,2,1,0,0,2,3,0,1,0,0,1,0,2
reuters-topics/grain/article307.txt,3,4,3,3,1,2,0,2,0,0,0,0,0,1,0,0,0,1,1,0
reuters-topics/grain/article313.txt,9,5,5,3,2,4,3,1,3,0,3,0,1,0,2,4,0,3,1,6
reuters-topics/grain/article475.txt,7,2,4,6,4,4,1,3,0,0,0,1,0,0,0,0,1,0,0,0
reuters-topics/grain/article449.txt,5,2,2,3,2,1,5,3,5,0,0,1,0,3,0,0,3,2,0,0
reuters-topics/grain/article448.txt,24,12,12,4,7,3,2,5,1,0,0,0,4,0,0,0,1,1,2,0
reuters-topics/grain/article312.txt,9,7,2,5,4,2,0,0,0,0,4,0,0,0,0,1,0,0,0,8
reuters-topics/grain/article474.txt,14,7,5,0,2,6,0,4,0,0,0,1,2,2,1,2,0,2,0,0
reuters-topics/grain/article460.txt,4,4,2,1,3,2,4,0,0,0,0,0,0,1,0,1,0,0,2,0
reuters-topics/grain/article306.txt,18,19,9,5,4,6,5,0,8,0,2,0,4,1,1,4,2,1,3,0
reuters-topics/grain/article138.txt,4,0,2,0,2,2,0,1,4,0,0,1,1,1,0,2,0,1,0,2
reuters-topics/grain/article110.txt,10,2,3,1,4,5,3,0,2,0,0,0,1,0,1,2,0,1,1,2
reuters-topics/grain/article104.txt,31,15,9,6,14,10,7,2,7,0,1,2,4,2,3,2,1,4,5,0
reuters-topics/grain/article058.txt,5,3,2,4,2,0,1,0,2,0,0,0,0,0,0,0,0,0,0,2
reuters-topics/grain/article064.txt,11,4,8,4,1,0,0,6,1,0,0,5,0,1,0,0,0,0,0,6
reuters-topics/grain/article070.txt,15,3,12,7,2,8,3,0,1,0,3,0,0,1,3,3,0,1,5,4
reuters-topics/grain/article528.txt,9,2,4,13,5,5,4,1,3,4,0,1,0,0,0,0,1,3,1,0
reuters-topics/grain/article266.txt,7,4,4,2,1,2,0,4,1,0,0,3,0,0,1,2,0,0,0,1
reuters-topics/grain/article500.txt,4,3,3,4,3,3,2,1,1,0,1,1,0,1,1,0,1,1,1,1
reuters-topics/grain/article514.txt,0,2,0,0,0,0,0,2,2,0,0,2,0,0,2,0,0,0,0,2
reuters-topics/grain/article272.txt,20,18,20,3,12,7,5,9,18,2,0,7,1,0,1,2,2,2,2,21
reuters-topics/grain/article299.txt,7,0,4,1,0,1,2,1,2,0,0,1,1,0,0,0,0,0,0,0
reuters-topics/grain/article502.txt,0,0,0,2,0,0,0,2,0,0,0,2,0,0,0,0,0,0,0,0
reuters-topics/grain/article264.txt,4,5,4,0,0,3,2,1,3,0,0,1,1,0,0,0,1,0,0,2
reuters-topics/grain/article270.txt,7,2,2,6,2,0,0,1,2,0,0,0,0,0,0,0,0,0,0,2
reuters-topics/grain/article516.txt,16,5,7,2,3,3,0,3,6,0,1,3,0,0,1,0,0,1,0,5
reuters-topics/grain/article258.txt,37,22,16,7,7,12,13,3,4,0,14,0,8,5,3,4,2,9,2,12
reuters-topics/grain/article099.txt,9,5,12,3,1,2,6,9,1,0,0,9,2,1,2,0,0,0,0,3
reuters-topics/grain/article066.txt,0,1,1,0,0,1,0,1,2,0,0,1,0,0,0,0,0,1,0,2
reuters-topics/grain/article072.txt,11,5,3,1,6,7,1,0,3,0,0,0,0,0,6,0,2,0,3,0
reuters-topics/grain/article112.txt,12,3,9,4,6,1,3,0,2,0,1,0,1,1,0,1,0,0,1,1
reuters-topics/grain/article106.txt,3,2,3,1,3,1,1,0,3,0,0,0,0,0,1,0,0,0,1,4
reuters-topics/grain/article489.txt,13,4,2,0,1,0,3,5,0,0,0,4,3,0,0,0,0,1,5,0
reuters-topics/grain/article476.txt,13,5,3,21,11,10,0,3,2,0,0,1,0,0,1,0,6,2,1,0
reuters-topics/grain/article310.txt,12,5,11,8,3,6,3,2,0,0,4,1,0,2,0,0,1,1,0,2
reuters-topics/grain/article304.txt,0,0,2,2,3,2,0,1,6,0,0,1,0,0,0,0,0,0,0,1
reuters-topics/grain/article462.txt,11,4,3,2,1,4,1,5,1,0,0,5,0,0,2,1,1,0,0,2
reuters-topics/grain/article338.txt,0,0,0,0,0,0,0,0,2,0,0,0,0,0,0,0,0,0,0,2
reuters-topics/grain/article339.txt,2,1,2,0,0,1,1,2,0,0,0,0,0,0,0,2,0,0,0,1
reuters-topics/grain/article305.txt,1,2,3,0,2,2,0,1,4,0,0,1,0,0,0,0,0,0,0,2
reuters-topics/grain/article463.txt,6,5,5,1,2,3,0,1,3,0,2,1,0,0,0,0,1,0,1,0
reuters-topics/grain/article477.txt,35,18,11,8,7,4,6,5,5,0,8,2,2,2,5,1,2,0,6,0
reuters-topics/grain/article311.txt,6,3,2,0,5,2,4,3,0,0,0,2,0,1,3,0,1,0,0,0
reuters-topics/grain/article488.txt,1,6,9,0,10,1,4,8,7,0,0,7,1,0,2,2,0,0,0,7
reuters-topics/grain/article107.txt,3,3,2,0,2,3,1,0,6,0,0,0,0,0,0,1,0,0,0,2
reuters-topics/grain/article113.txt,7,5,3,2,3,5,0,1,3,0,0,0,0,0,0,2,0,0,0,0
reuters-topics/grain/article073.txt,3,1,7,2,4,1,1,1,0,0,0,0,1,0,1,0,0,0,0,6
reuters-topics/grain/article067.txt,0,0,0,0,0,0,0,0,0,0,0,0,0,0,0,0,0,0,0,0
reuters-topics/grain/article098.txt,10,2,9,6,1,4,3,2,5,0,0,1,2,1,2,0,2,2,3,0
reuters-topics/grain/article259.txt,8,4,3,1,1,2,0,5,6,0,4,4,0,0,0,0,0,0,1,0
reuters-topics/grain/article271.txt,1,1,1,2,2,0,0,0,1,0,0,0,0,0,0,0,0,0,0,0
reuters-topics/grain/article517.txt,14,10,8,3,11,8,5,12,4,0,0,10,3,2,2,0,0,0,2,0
reuters-topics/grain/article503.txt,8,1,3,2,2,3,0,2,0,0,0,1,0,0,4,1,0,0,0,2
reuters-topics/grain/article265.txt,4,5,4,0,0,3,2,4,2,0,0,3,1,0,0,0,1,0,0,2
reuters-topics/grain/article558.txt,56,23,36,18,12,17,21,5,7,0,5,1,3,8,4,4,4,9,2,0
reuters-topics/grain/article564.txt,0,1,1,0,0,1,1,2,2,0,0,2,0,0,0,1,0,0,1,1
reuters-topics/grain/article202.txt,5,7,3,1,3,2,0,3,4,0,6,3,0,0,2,0,1,0,1,0
reuters-topics/grain/article216.txt,3,1,2,0,5,0,0,0,0,0,0,0,1,0,0,5,0,0,0,0
reuters-topics/grain/article570.txt,35,32,19,14,19,2,6,4,3,0,20,0,2,0,1,7,0,5,3,12
reuters-topics/grain/article028.txt,0,1,0,0,1,1,0,0,0,0,0,0,0,0,0,2,0,0,0,0
reuters-topics/grain/article000.txt,5,3,5,1,6,3,2,2,1,0,2,0,1,1,0,0,2,0,0,2
reuters-topics/grain/article014.txt,14,6,3,1,3,4,2,6,1,0,0,5,4,2,1,2,2,2,0,0
reuters-topics/grain/article148.txt,7,4,1,4,2,3,1,0,1,0,2,0,0,0,2,1,3,0,0,6
reuters-topics/grain/article174.txt,3,6,3,2,4,1,3,0,1,0,14,0,4,0,1,0,0,0,0,11
reuters-topics/grain/article160.txt,8,6,3,6,4,7,3,4,4,0,0,0,2,1,0,0,1,1,1,0
reuters-topics/grain/article389.txt,1,0,0,2,0,0,0,2,0,0,8,1,0,0,0,4,1,0,0,6
reuters-topics/grain/article438.txt,2,0,0,0,2,0,2,1,3,0,0,1,0,0,0,0,0,0,0,0
reuters-topics/grain/article410.txt,1,1,2,2,0,2,0,1,0,0,0,0,0,0,3,0,2,0,0,3
reuters-topics/grain/article376.txt,11,2,6,0,1,0,5,1,1,0,0,0,0,1,0,1,1,1,1,0
reuters-topics/grain/article362.txt,13,9,1,0,0,4,2,3,0,0,0,1,0,3,2,0,2,3,0,0
reuters-topics/grain/article404.txt,6,4,7,4,4,3,1,5,1,0,4,4,0,2,0,0,1,3,3,5
reuters-topics/grain/article363.txt,6,2,1,3,1,4,2,9,0,0,0,7,1,3,0,0,2,2,1,0
reuters-topics/grain/article405.txt,3,0,3,2,0,0,0,1,0,0,6,0,0,0,2,4,0,0,0,4
reuters-topics/grain/article411.txt,8,16,7,8,4,4,2,5,1,0,0,5,0,0,2,0,3,1,1,0
reuters-topics/grain/article377.txt,15,16,8,7,3,0,0,0,0,0,9,0,0,0,20,0,0,0,0,15
reuters-topics/grain/article439.txt,15,6,8,7,5,0,2,1,5,0,3,1,4,1,0,0,0,0,2,0
reuters-topics/grain/article388.txt,1,0,0,3,0,0,0,2,0,0,12,1,0,0,0,6,1,2,0,9
reuters-topics/grain/article161.txt,0,1,3,0,1,2,1,0,1,0,0,0,0,0,3,3,1,0,0,6
reuters-topics/grain/article175.txt,0,0,0,2,0,0,0,2,0,0,0,2,0,0,0,0,0,0,0,0
reuters-topics/grain/article149.txt,7,5,1,1,1,3,0,3,3,0,0,3,0,0,2,0,0,0,0,4
reuters-topics/grain/article015.txt,3,0,3,6,4,2,0,1,0,0,7,0,1,0,0,0,0,0,1,1
reuters-topics/grain/article001.txt,5,5,2,5,3,3,2,3,0,2,0,0,0,0,4,0,1,0,0,0
reuters-topics/grain/article029.txt,20,6,9,2,1,4,2,1,4,0,2,0,1,1,0,1,1,1,2,2
reuters-topics/grain/article217.txt,9,5,2,0,5,1,2,0,0,0,0,0,1,0,1,2,1,0,0,0
reuters-topics/grain/article571.txt,41,29,15,7,18,6,7,4,4,0,3,2,6,12,0,2,4,4,6,0
reuters-topics/grain/article565.txt,0,0,2,0,0,1,1,3,3,0,0,3,0,0,0,0,0,0,0,1
reuters-topics/grain/article203.txt,6,7,3,1,3,2,0,4,7,3,8,4,0,0,4,0,0,0,0,0
reuters-topics/grain/article559.txt,0,2,0,0,0,0,0,2,2,0,0,2,0,0,2,0,0,0,0,2
reuters-topics/grain/article229.txt,9,1,3,6,1,2,0,0,1,0,0,0,0,0,0,0,0,0,0,6
reuters-topics/grain/article573.txt,5,6,1,0,2,2,1,2,2,0,3,0,0,0,0,0,0,0,1,1
reuters-topics/grain/article215.txt,4,2,4,6,4,2,1,0,5,1,2,0,0,0,1,0,2,0,0,2
reuters-topics/grain/article201.txt,4,4,4,0,1,3,3,1,3,0,0,1,1,0,1,0,1,0,0,2
reuters-topics/grain/article567.txt,0,0,0,0,0,0,0,0,0,0,0,0,0,0,0,0,0,0,0,0
reuters-topics/grain/article017.txt,2,0,1,4,3,0,0,0,1,5,0,0,0,0,0,1,0,0,0,0
reuters-topics/grain/article003.txt,27,18,8,2,12,11,4,24,4,0,0,22,6,2,4,1,2,4,2,0
reuters-topics/grain/article188.txt,10,6,4,2,1,1,2,0,1,0,0,0,2,0,0,1,0,0,2,0
reuters-topics/grain/article163.txt,3,0,7,1,2,2,2,4,10,0,0,4,1,1,0,13,0,0,0,13
reuters-topics/grain/article177.txt,3,0,0,1,0,1,1,4,4,0,0,3,2,0,0,0,0,0,0,0
reuters-topics/grain/article349.txt,3,3,2,0,1,0,5,1,1,0,0,0,0,0,0,0,0,1,0,0
reuters-topics/grain/article407.txt,24,36,15,24,21,8,6,4,3,0,12,0,0,1,7,1,4,2,2,11
reuters-topics/grain/article361.txt,9,8,3,1,3,2,3,6,2,0,0,6,0,2,0,0,2,3,0,0
reuters-topics/grain/article375.txt,3,1,3,1,0,0,0,0,1,0,6,0,0,0,0,3,0,0,1,0
reuters-topics/grain/article413.txt,4,1,2,2,2,1,1,0,0,0,0,0,1,0,0,0,0,1,0,1
reuters-topics/grain/article374.txt,6,1,10,2,1,2,0,0,0,0,1,0,0,0,1,0,3,0,0,9
reuters-topics/grain/article412.txt,0,0,0,0,0,0,0,0,0,0,0,0,0,0,0,0,0,0,0,0
reuters-topics/grain/article406.txt,22,9,6,9,3,8,4,4,3,0,3,2,0,1,1,1,0,4,0,0
reuters-topics/grain/article360.txt,7,2,5,3,1,5,4,7,0,0,0,7,1,4,0,0,0,3,2,0
reuters-topics/grain/article348.txt,5,3,3,1,4,2,0,2,1,0,1,0,0,0,0,0,1,1,2,0
reuters-topics/grain/article176.txt,5,1,4,3,1,2,0,1,1,0,0,1,1,2,1,1,2,1,0,0
reuters-topics/grain/article162.txt,17,6,3,8,3,7,2,5,2,0,5,1,2,0,2,2,3,3,0,5
reuters-topics/grain/article189.txt,12,1,9,7,3,7,4,2,1,0,0,1,1,4,4,1,0,0,1,0
reuters-topics/grain/article002.txt,3,2,3,0,1,2,1,2,2,0,0,2,0,0,1,1,0,0,0,1
reuters-topics/grain/article016.txt,9,10,5,10,6,4,3,3,1,0,8,2,1,0,0,3,0,0,3,6
reuters-topics/grain/article200.txt,9,4,5,3,5,6,4,2,4,0,0,1,0,1,1,1,1,0,1,0
reuters-topics/grain/article566.txt,1,0,1,0,1,1,0,3,3,0,0,3,0,0,0,0,0,0,0,1
reuters-topics/grain/article572.txt,2,0,1,1,1,0,1,1,2,0,0,1,0,0,1,0,0,2,0,0
reuters-topics/grain/article214.txt,13,6,11,4,10,3,1,0,15,0,0,1,0,0,2,0,0,3,1,19
reuters-topics/grain/article228.txt,6,5,1,1,2,3,1,4,1,0,1,3,2,1,0,0,0,0,2,0
reuters-topics/grain/article210.txt,4,3,3,0,0,1,1,1,0,0,0,2,0,0,0,2,0,0,0,2
reuters-topics/grain/article576.txt,25,13,6,16,10,7,7,2,5,0,17,2,0,0,2,6,4,7,4,7
reuters-topics/grain/article562.txt,10,3,2,2,1,2,0,2,3,0,2,2,0,0,0,0,0,0,1,0
reuters-topics/grain/article204.txt,5,2,4,1,3,3,1,2,3,0,0,2,0,1,0,0,0,1,0,3
reuters-topics/grain/article238.txt,45,20,16,1,8,3,14,11,4,0,0,10,7,1,3,3,2,4,8,2
reuters-topics/grain/article012.txt,11,4,2,0,6,1,1,2,1,0,0,1,3,1,0,0,2,3,4,0
reuters-topics/grain/article006.txt,4,0,1,1,6,4,0,2,7,0,0,2,1,0,0,0,0,1,1,7
reuters-topics/grain/article199.txt,0,0,0,0,0,0,0,2,0,0,0,2,0,0,0,2,0,0,0,0
reuters-topics/grain/article166.txt,1,2,0,0,1,0,0,0,0,0,0,0,0,0,0,2,0,0,0,0
reuters-topics/grain/article172.txt,4,3,0,1,5,0,4,2,0,0,12,1,0,0,4,0,0,0,0,0
reuters-topics/grain/article364.txt,21,2,10,4,5,2,3,1,2,0,0,0,2,1,3,1,2,3,3,0
reuters-topics/grain/article402.txt,9,4,4,1,3,1,0,1,4,0,0,1,0,0,1,0,0,1,0,6
reuters-topics/grain/article416.txt,0,0,0,0,0,0,0,0,2,0,0,0,0,0,0,2,0,0,0,2
reuters-topics/grain/article370.txt,2,2,3,3,3,7,5,6,2,0,0,0,0,3,1,0,3,2,3,1
reuters-topics/grain/article358.txt,0,0,0,0,0,0,0,2,0,0,0,2,0,0,0,0,0,0,0,0
reuters-topics/grain/article359.txt,8,2,5,2,1,1,4,4,1,0,0,4,1,1,0,0,1,1,1,0
reuters-topics/grain/article417.txt,24,17,10,10,4,7,8,8,2,0,0,0,0,5,2,0,2,2,2,1
reuters-topics/grain/article371.txt,8,6,6,4,13,4,3,0,1,4,5,0,1,0,2,2,2,0,2,2
reuters-topics/grain/article365.txt,10,3,3,3,2,3,3,7,2,0,0,5,0,4,2,1,1,3,2,0
reuters-topics/grain/article403.txt,0,2,2,0,2,0,0,2,2,0,0,2,0,0,0,0,0,0,0,2
reuters-topics/grain/article173.txt,12,2,5,4,3,6,3,3,0,0,0,1,1,0,2,0,2,1,0,0
reuters-topics/grain/article167.txt,21,12,11,7,7,2,12,11,1,0,0,9,2,2,0,3,3,4,3,0
reuters-topics/grain/article198.txt,0,0,0,0,0,0,0,2,0,0,0,2,0,0,0,2,0,0,0,0
reuters-topics/grain/article007.txt,16,5,16,6,3,5,2,4,3,0,4,0,0,4,3,0,1,4,0,4
reuters-topics/grain/article013.txt,10,1,5,2,1,1,2,2,3,1,0,2,1,0,0,0,0,1,1,3
reuters-topics/grain/article239.txt,8,0,1,3,0,1,2,2,0,0,0,2,0,0,2,0,0,0,0,0
reuters-topics/grain/article563.txt,27,24,17,24,5,17,8,16,3,0,15,8,2,4,4,2,1,4,2,0
reuters-topics/grain/article205.txt,1,0,1,0,0,2,0,2,3,0,0,2,0,0,1,0,0,0,0,1
reuters-topics/grain/article211.txt,9,0,9,2,1,4,1,1,2,0,0,0,1,0,0,1,1,1,0,0
reuters-topics/grain/article577.txt,30,20,10,22,11,1,6,3,8,0,0,3,3,2,3,1,1,0,6,0
reuters-topics/grain/article207.txt,56,28,26,22,18,12,11,3,12,1,2,0,3,6,1,4,9,6,4,0
reuters-topics/grain/article561.txt,6,2,2,0,2,2,0,3,0,0,1,3,0,0,1,1,2,0,1,1
reuters-topics/grain/article575.txt,0,2,0,0,0,0,0,0,0,0,4,0,0,0,0,0,0,0,0,2
reuters-topics/grain/article213.txt,2,1,0,0,2,1,0,2,9,0,0,0,0,0,0,0,0,0,0,0
reuters-topics/grain/article549.txt,8,5,6,5,6,4,1,1,2,0,0,1,0,0,0,1,0,0,1,3
reuters-topics/grain/article005.txt,33,33,16,26,19,2,3,3,8,0,34,0,11,0,1,4,1,6,2,6
reuters-topics/grain/article011.txt,8,2,6,3,3,3,2,7,2,0,5,5,0,1,3,1,1,0,0,5
reuters-topics/grain/article039.txt,3,0,1,5,1,1,0,1,0,0,22,1,0,0,0,11,2,2,0,21
reuters-topics/grain/article171.txt,35,12,15,10,10,11,3,4,7,0,12,0,2,0,2,3,3,1,4,2
reuters-topics/grain/article165.txt,2,1,4,0,0,1,1,1,3,0,0,0,0,0,0,1,0,0,0,2
reuters-topics/grain/article159.txt,9,5,3,1,1,3,0,1,2,0,0,1,3,0,1,0,0,1,0,2
reuters-topics/grain/article398.txt,25,16,6,3,2,9,5,4,5,0,0,2,2,4,0,1,3,1,4,0
reuters-topics/grain/article373.txt,35,13,10,1,9,5,7,1,2,0,0,1,3,0,0,6,0,3,1,0
reuters-topics/grain/article415.txt,0,0,0,0,0,0,0,0,0,0,0,0,0,0,0,2,0,0,0,2
reuters-topics/grain/article401.txt,0,0,2,0,0,0,0,0,4,0,0,0,0,0,0,0,0,0,0,2
reuters-topics/grain/article367.txt,17,21,7,3,5,8,12,2,6,0,0,1,0,3,0,0,2,7,2,0
reuters-topics/grain/article429.txt,3,3,2,2,0,0,2,0,1,0,2,0,0,0,1,1,1,0,0,0
reuters-topics/grain/article428.txt,5,2,1,1,0,0,0,2,0,0,0,0,0,0,1,0,0,0,0,3
reuters-topics/grain/article400.txt,8,2,4,0,2,3,2,2,1,0,0,1,1,0,0,1,0,0,1,0
reuters-topics/grain/article366.txt,7,5,1,0,1,5,3,3,0,0,0,2,3,0,1,2,1,0,0,0
reuters-topics/grain/article372.txt,3,1,7,2,5,1,1,1,0,0,0,0,1,0,1,0,0,0,0,6
reuters-topics/grain/article414.txt,11,0,2,4,1,2,1,1,0,0,0,1,2,0,0,0,0,0,0,0
reuters-topics/grain/article399.txt,8,3,5,1,3,2,7,1,0,1,0,1,0,0,1,1,0,2,2,0
reuters-topics/grain/article158.txt,11,6,5,8,8,4,2,2,5,2,0,0,2,2,2,1,1,2,0,0
reuters-topics/grain/article164.txt,18,9,8,5,4,8,6,4,2,0,0,1,1,2,3,0,1,3,1,0
reuters-topics/grain/article170.txt,9,8,7,7,4,4,1,3,4,0,2,2,0,1,7,1,0,3,1,4
reuters-topics/grain/article038.txt,1,0,1,2,1,0,0,1,0,0,2,1,0,0,0,0,0,1,0,1
reuters-topics/grain/article010.txt,3,2,1,0,2,2,0,3,0,0,1,3,0,0,1,1,2,0,1,1
reuters-topics/grain/article004.txt,15,7,7,4,1,2,6,2,1,0,0,0,1,1,1,1,1,2,3,0
reuters-topics/grain/article548.txt,14,12,4,3,0,7,2,5,1,0,1,3,1,4,0,1,7,2,1,1
reuters-topics/grain/article574.txt,0,2,0,0,0,0,0,0,0,0,4,0,0,0,0,0,0,0,0,2
reuters-topics/grain/article212.txt,2,0,1,0,0,0,0,0,4,0,0,0,2,0,0,2,0,0,0,0
reuters-topics/grain/article206.txt,23,12,11,6,13,14,7,6,7,0,4,4,3,7,3,1,1,1,1,0
reuters-topics/grain/article560.txt,11,4,6,1,2,2,0,3,3,0,0,3,0,0,0,0,1,1,0,5
reuters-topics/crude/article545.txt,24,5,6,7,5,4,1,1,0,1,0,1,0,0,0,0,2,0,0,0
reuters-topics/crude/article223.txt,29,15,13,19,18,15,21,11,5,8,10,3,4,2,7,0,8,2,1,0
reuters-topics/crude/article237.txt,0,0,0,0,0,0,0,0,0,2,0,0,0,0,0,0,0,0,2,0
reuters-topics/crude/article551.txt,3,6,2,1,4,5,5,0,1,4,0,0,0,0,0,0,3,2,1,0
reuters-topics/crude/article009.txt,7,5,0,5,1,5,3,2,0,2,18,2,0,0,10,1,1,0,1,0
reuters-topics/crude/article021.txt,16,8,10,7,3,7,4,2,1,8,1,0,1,2,3,1,9,1,2,0
reuters-topics/crude/article035.txt,16,5,0,2,4,2,6,5,1,3,0,0,2,3,0,0,2,2,3,0
reuters-topics/crude/article196.txt,6,3,2,7,1,2,1,1,0,4,2,0,1,0,3,0,0,0,0,0
reuters-topics/crude/article182.txt,0,0,0,2,0,0,0,0,0,2,0,0,0,0,0,0,0,0,0,0
reuters-topics/crude/article169.txt,12,5,4,2,1,3,3,1,1,1,0,5,4,1,1,0,0,0,0,0
reuters-topics/crude/article155.txt,4,3,1,0,1,2,2,2,2,3,0,1,1,0,0,0,1,0,1,0
reuters-topics/crude/article141.txt,5,3,2,0,2,3,3,0,2,3,0,0,1,0,0,1,2,0,1,0
reuters-topics/crude/article394.txt,4,1,0,0,0,1,1,1,2,1,0,0,1,0,0,0,2,0,0,0
reuters-topics/crude/article380.txt,18,6,13,9,6,6,8,6,6,4,1,0,2,2,2,1,1,1,2,0
reuters-topics/crude/article419.txt,28,8,14,15,7,5,14,6,1,5,0,0,5,3,2,2,2,2,3,0
reuters-topics/crude/article431.txt,15,7,8,12,11,6,5,7,4,8,4,1,1,0,2,1,2,1,0,2
reuters-topics/crude/article357.txt,13,16,7,6,7,8,3,6,8,8,3,0,3,5,0,4,1,1,1,0
reuters-topics/crude/article343.txt,6,7,0,3,3,7,3,2,2,6,0,2,6,3,2,1,0,4,0,0
reuters-topics/crude/article425.txt,0,0,0,0,0,0,0,0,0,0,0,0,0,0,0,0,0,0,2,0
reuters-topics/crude/article342.txt,0,2,0,0,0,0,0,0,0,2,0,0,0,0,0,2,0,0,0,0
reuters-topics/crude/article424.txt,16,0,3,15,8,7,14,1,2,3,0,1,0,0,4,4,0,0,2,0
reuters-topics/crude/article430.txt,10,5,3,2,1,2,4,1,0,5,2,0,2,0,3,0,2,0,2,0
reuters-topics/crude/article356.txt,6,4,7,4,5,5,7,5,1,7,0,0,0,0,2,0,2,2,0,0
reuters-topics/crude/article418.txt,21,8,5,12,13,7,4,9,1,2,1,2,1,6,3,0,2,1,1,0
reuters-topics/crude/article381.txt,3,4,4,0,8,3,0,1,0,1,0,1,0,0,0,0,2,0,0,0
reuters-topics/crude/article395.txt,4,7,2,2,2,1,2,1,0,4,0,1,0,0,0,1,0,0,2,0
reuters-topics/crude/article140.txt,0,2,0,0,0,0,0,0,0,0,0,0,0,0,0,0,0,0,0,0
reuters-topics/crude/article154.txt,5,1,1,0,1,2,2,2,2,2,0,2,0,0,0,0,1,0,1,0
reuters-topics/crude/article168.txt,8,1,1,5,6,5,3,8,2,3,0,6,6,1,1,2,2,0,0,0
reuters-topics/crude/article183.txt,0,0,0,2,0,0,0,0,0,2,0,0,0,0,0,0,0,0,0,0
reuters-topics/crude/article197.txt,19,14,16,13,9,12,11,6,6,8,0,2,1,4,3,2,2,4,4,0
reuters-topics/crude/article034.txt,0,0,0,0,0,0,0,0,0,0,0,0,0,0,0,0,0,0,0,0
reuters-topics/crude/article020.txt,3,3,2,1,5,1,1,2,1,1,1,0,0,0,0,0,1,0,0,0
reuters-topics/crude/article008.txt,7,5,2,6,3,4,0,0,0,2,8,0,0,0,0,1,1,0,0,0
reuters-topics/crude/article236.txt,5,0,2,1,0,4,3,1,3,4,0,1,2,2,0,2,0,0,0,0
reuters-topics/crude/article550.txt,18,13,2,13,12,9,2,5,3,6,9,0,6,2,3,0,4,4,3,0
reuters-topics/crude/article544.txt,2,2,3,2,3,4,7,4,2,3,0,2,2,0,0,0,0,1,2,0
reuters-topics/crude/article222.txt,21,10,8,10,5,9,3,7,4,11,3,7,2,1,1,2,2,2,1,0
reuters-topics/crude/article208.txt,25,7,5,11,2,6,6,3,3,3,0,0,5,4,1,1,6,1,2,0
reuters-topics/crude/article552.txt,0,0,0,0,0,0,0,0,0,0,6,0,0,0,0,0,0,0,0,0
reuters-topics/crude/article234.txt,11,13,13,7,5,6,9,7,1,8,0,0,6,3,2,1,3,2,2,0
reuters-topics/crude/article220.txt,3,1,0,0,0,3,0,1,1,0,0,0,0,0,0,2,0,1,1,0
reuters-topics/crude/article546.txt,19,11,4,6,5,8,3,4,9,3,10,3,1,1,0,1,1,2,3,0
reuters-topics/crude/article036.txt,4,5,9,3,1,3,5,1,0,0,0,1,1,0,0,0,0,0,2,0
reuters-topics/crude/article022.txt,25,13,9,9,11,17,7,14,7,12,0,3,1,7,1,3,8,0,2,0
reuters-topics/crude/article181.txt,1,0,1,2,0,1,0,0,0,2,0,0,1,0,0,1,0,0,0,0
reuters-topics/crude/article195.txt,21,8,13,2,8,5,8,3,4,6,0,1,2,0,1,2,0,2,1,0
reuters-topics/crude/article142.txt,5,2,1,0,2,2,3,1,2,3,0,1,1,0,0,0,2,0,1,0
reuters-topics/crude/article156.txt,0,2,0,0,0,0,0,0,0,2,0,0,0,0,0,0,0,0,0,0
reuters-topics/crude/article383.txt,10,4,7,4,2,7,3,5,2,6,2,2,2,3,0,0,7,1,1,0
reuters-topics/crude/article397.txt,2,0,7,2,4,5,0,0,1,3,8,0,0,1,3,1,1,1,0,0
reuters-topics/crude/article368.txt,10,3,0,5,1,6,4,3,2,3,14,2,0,0,8,1,1,0,1,0
reuters-topics/crude/article426.txt,16,9,8,5,9,4,9,6,2,3,3,1,1,0,2,0,1,1,2,0
reuters-topics/crude/article340.txt,20,8,6,8,3,7,3,2,2,5,5,0,0,1,2,2,2,3,4,0
reuters-topics/crude/article354.txt,29,13,16,17,14,12,10,7,5,10,0,4,3,0,1,6,2,14,2,0
reuters-topics/crude/article432.txt,15,6,7,3,3,2,6,1,3,2,0,0,3,0,1,2,1,1,7,0
reuters-topics/crude/article355.txt,38,29,20,15,10,13,8,6,4,6,2,0,3,10,3,2,1,6,1,0
reuters-topics/crude/article433.txt,0,0,0,0,0,0,0,0,2,2,0,0,0,0,0,0,0,0,0,0
reuters-topics/crude/article427.txt,8,11,8,3,3,4,3,0,2,4,4,0,0,2,0,0,2,2,1,0
reuters-topics/crude/article341.txt,3,2,2,0,2,1,3,0,1,1,0,0,0,0,0,0,2,1,0,0
reuters-topics/crude/article369.txt,25,14,21,13,13,5,4,5,1,6,11,3,2,1,15,4,3,1,0,0
reuters-topics/crude/article396.txt,0,0,0,0,0,0,0,0,0,0,0,0,0,0,0,2,0,0,0,0
reuters-topics/crude/article382.txt,30,17,10,7,9,8,7,8,1,10,0,0,5,8,1,2,4,2,0,0
reuters-topics/crude/article157.txt,7,1,3,1,4,3,2,4,3,1,0,3,1,4,0,0,2,1,1,0
reuters-topics/crude/article143.txt,0,0,0,0,0,0,0,0,0,0,6,0,0,0,0,0,0,0,0,0
reuters-topics/crude/article194.txt,11,13,5,13,7,4,4,3,1,6,5,0,0,0,14,3,2,0,0,0
reuters-topics/crude/article180.txt,12,4,4,6,5,5,6,6,1,3,0,4,6,1,1,3,0,0,1,0
reuters-topics/crude/article023.txt,15,9,11,7,4,5,4,2,1,8,1,0,1,2,3,1,9,1,2,0
reuters-topics/crude/article037.txt,5,4,2,4,4,2,1,2,0,0,0,2,0,0,0,1,0,0,4,0
reuters-topics/crude/article221.txt,15,8,16,6,5,5,11,4,2,12,1,2,1,3,0,2,0,2,4,0
reuters-topics/crude/article547.txt,6,5,4,2,1,2,2,0,0,2,1,0,2,0,2,0,1,0,0,0
reuters-topics/crude/article553.txt,15,5,7,2,4,5,4,2,3,1,0,0,0,1,1,1,1,1,0,0
reuters-topics/crude/article235.txt,0,0,0,0,0,0,0,0,0,0,4,0,0,0,0,0,0,0,0,0
reuters-topics/crude/article209.txt,17,8,6,9,2,5,5,1,0,5,0,0,0,2,7,0,3,0,2,0
reuters-topics/crude/article231.txt,13,8,2,3,6,11,4,3,9,2,11,1,0,0,1,0,0,3,2,0
reuters-topics/crude/article557.txt,20,5,11,11,2,6,2,1,1,6,1,0,2,0,0,4,0,2,2,0
reuters-topics/crude/article543.txt,39,28,21,22,10,13,12,4,4,10,15,6,9,2,10,2,2,3,4,1
reuters-topics/crude/article225.txt,18,12,9,16,18,8,4,3,4,8,9,1,1,6,16,0,6,0,0,0
reuters-topics/crude/article219.txt,9,6,7,4,1,4,7,2,2,4,1,0,0,0,1,0,1,2,2,0
reuters-topics/crude/article033.txt,19,8,6,5,7,7,5,3,6,2,2,0,3,6,1,1,0,4,4,0
reuters-topics/crude/article027.txt,17,10,7,7,3,9,3,12,7,5,0,3,7,6,0,0,5,8,0,0
reuters-topics/crude/article184.txt,5,1,1,1,2,6,7,10,0,3,0,9,8,4,1,0,2,0,1,0
reuters-topics/crude/article190.txt,24,11,15,4,10,13,6,11,5,8,0,1,1,6,3,1,2,9,2,0
reuters-topics/crude/article147.txt,15,3,2,7,3,1,8,9,2,1,0,7,4,4,1,0,1,0,0,0
reuters-topics/crude/article153.txt,6,4,2,3,0,2,3,2,1,1,0,1,6,0,1,0,1,0,1,0
reuters-topics/crude/article386.txt,11,10,3,6,4,8,9,3,8,2,0,0,1,3,1,9,1,11,1,0
reuters-topics/crude/article392.txt,9,2,4,4,5,1,3,2,2,2,0,1,0,1,3,0,0,0,2,0
reuters-topics/crude/article345.txt,12,9,2,9,1,3,1,2,0,9,0,2,0,2,1,0,0,2,0,0
reuters-topics/crude/article423.txt,7,0,1,9,1,3,5,2,1,2,0,2,0,0,1,0,0,0,2,0
reuters-topics/crude/article437.txt,9,13,5,1,8,7,11,1,4,3,0,0,4,3,0,3,4,1,3,0
reuters-topics/crude/article351.txt,7,5,2,1,3,2,2,2,0,5,0,0,0,0,0,1,1,1,3,0
reuters-topics/crude/article379.txt,23,13,7,8,5,10,5,8,0,11,5,1,1,0,4,3,0,2,2,0
reuters-topics/crude/article378.txt,21,21,10,14,14,15,5,3,10,7,5,3,2,5,6,3,0,5,4,0
reuters-topics/crude/article436.txt,12,7,13,8,9,8,5,1,4,5,7,0,3,5,1,4,3,1,0,0
reuters-topics/crude/article350.txt,10,6,6,3,3,4,1,2,3,5,0,0,2,1,0,0,0,0,1,0
reuters-topics/crude/article344.txt,5,3,3,0,1,2,5,1,2,2,0,1,0,0,0,1,1,1,1,0
reuters-topics/crude/article422.txt,13,10,4,0,6,2,4,4,5,6,3,4,1,1,2,2,2,1,0,0
reuters-topics/crude/article393.txt,4,1,1,0,2,1,2,2,2,3,0,0,1,0,0,0,2,0,1,0
reuters-topics/crude/article387.txt,10,5,8,3,5,3,5,2,0,6,1,0,0,2,1,0,1,0,0,0
reuters-topics/crude/article152.txt,11,2,3,2,7,1,8,3,4,2,0,3,3,3,1,0,1,0,0,0
reuters-topics/crude/article146.txt,8,1,4,7,3,3,3,2,1,4,0,1,7,1,3,1,1,0,0,0
reuters-topics/crude/article191.txt,42,20,28,17,9,20,9,18,8,18,2,11,3,11,1,4,8,8,3,0
reuters-topics/crude/article185.txt,14,5,6,4,2,5,6,1,3,3,0,0,1,0,2,2,0,3,2,0
reuters-topics/crude/article026.txt,6,1,1,2,2,3,2,1,2,2,1,1,0,0,0,1,2,1,0,0
reuters-topics/crude/article032.txt,11,2,9,5,4,2,4,2,3,7,3,0,1,0,3,3,0,1,0,3
reuters-topics/crude/article218.txt,17,11,15,2,4,10,5,7,1,5,7,5,1,4,0,5,1,1,1,0
reuters-topics/crude/article542.txt,30,7,9,6,12,4,3,2,4,8,5,1,3,7,2,1,0,0,3,0
reuters-topics/crude/article224.txt,9,7,6,9,10,4,8,2,3,3,4,0,1,0,1,0,2,0,1,0
reuters-topics/crude/article230.txt,14,5,6,1,3,3,1,2,0,3,0,2,0,0,3,1,2,0,1,0
reuters-topics/crude/article556.txt,22,4,7,6,7,8,5,1,2,2,1,0,1,2,0,2,1,1,1,0
reuters-topics/crude/article226.txt,15,13,6,13,4,6,4,4,2,2,5,0,3,4,9,1,0,0,2,0
reuters-topics/crude/article540.txt,13,7,5,1,4,7,6,7,4,9,0,5,3,4,2,1,1,2,2,0
reuters-topics/crude/article554.txt,14,4,9,2,4,4,5,1,4,5,0,1,1,1,0,1,2,0,0,0
reuters-topics/crude/article232.txt,5,2,1,1,3,2,3,2,0,2,0,0,0,0,0,2,1,0,1,0
reuters-topics/crude/article568.txt,14,7,1,9,2,9,5,2,2,3,28,2,0,0,15,2,3,0,1,0
reuters-topics/crude/article024.txt,6,4,0,3,2,3,1,1,0,3,2,0,0,3,0,0,3,0,0,0
reuters-topics/crude/article030.txt,18,12,10,3,6,7,4,2,6,5,3,0,3,2,1,2,4,2,1,0
reuters-topics/crude/article018.txt,4,0,3,2,0,2,3,3,0,2,2,0,2,0,1,1,0,2,1,0
reuters-topics/crude/article193.txt,16,10,14,5,7,7,17,5,5,7,0,0,1,4,1,1,2,0,2,0
reuters-topics/crude/article187.txt,11,8,5,3,6,4,16,12,1,4,3,0,4,0,1,2,1,2,0,0
reuters-topics/crude/article150.txt,19,6,7,12,4,4,2,1,2,1,0,3,4,2,0,1,0,0,2,0
reuters-topics/crude/article144.txt,13,5,4,5,2,3,1,5,3,2,0,4,6,2,2,1,1,0,1,0
reuters-topics/crude/article178.txt,13,9,6,3,2,10,5,12,2,6,0,8,5,0,0,2,2,1,3,0
reuters-topics/crude/article391.txt,0,2,0,0,0,0,0,0,0,0,0,0,0,0,0,0,0,0,0,0
reuters-topics/crude/article385.txt,3,3,2,0,0,4,2,0,1,4,0,0,0,0,0,1,1,0,1,0
reuters-topics/crude/article352.txt,4,1,3,2,1,1,2,1,2,4,0,0,0,3,0,0,0,0,1,0
reuters-topics/crude/article434.txt,24,25,11,12,13,18,6,3,4,10,8,0,3,2,5,2,3,3,8,0
reuters-topics/crude/article420.txt,8,5,7,11,3,2,2,4,0,2,8,1,1,4,6,2,0,0,1,1
reuters-topics/crude/article346.txt,6,4,4,4,6,3,3,1,1,7,1,0,2,1,1,1,0,1,0,0
reuters-topics/crude/article408.txt,9,1,3,4,1,3,4,0,1,3,0,0,0,2,0,2,1,2,0,0
reuters-topics/crude/article409.txt,7,3,3,3,0,3,3,0,1,0,2,0,0,1,0,3,0,3,0,0
reuters-topics/crude/article421.txt,18,21,7,2,1,7,2,3,3,3,2,0,3,1,2,1,4,2,3,0
reuters-topics/crude/article347.txt,15,13,5,3,4,5,7,4,5,6,2,0,2,1,0,1,1,1,3,0
reuters-topics/crude/article353.txt,13,10,8,3,5,4,3,3,6,4,4,1,0,2,2,1,0,0,1,0
reuters-topics/crude/article435.txt,38,20,19,12,15,4,15,7,3,7,0,2,5,3,2,3,2,6,6,0
reuters-topics/crude/article384.txt,25,11,5,4,11,8,7,2,0,2,1,1,1,0,0,4,1,2,4,0
reuters-topics/crude/article390.txt,0,2,0,0,0,0,0,0,0,0,0,0,0,0,0,0,0,0,2,0
reuters-topics/crude/article179.txt,0,0,0,0,0,0,0,2,0,2,0,2,0,0,0,0,0,0,0,0
reuters-topics/crude/article145.txt,11,3,7,2,3,1,5,10,5,1,0,6,3,4,0,2,1,1,3,0
reuters-topics/crude/article151.txt,13,11,4,3,5,3,7,3,3,1,0,3,4,3,0,1,0,0,0,0
reuters-topics/crude/article186.txt,3,2,1,1,2,2,1,1,1,4,2,0,0,0,0,0,0,0,2,0
reuters-topics/crude/article192.txt,21,11,7,13,6,11,9,5,4,6,0,3,0,1,2,0,1,1,1,0
reuters-topics/crude/article019.txt,4,4,5,3,4,2,3,0,1,3,1,0,0,0,0,0,0,2,0,0
reuters-topics/crude/article031.txt,10,9,9,4,6,8,8,3,1,5,1,0,3,2,1,2,1,4,1,0
reuters-topics/crude/article025.txt,10,11,8,7,6,6,5,2,1,8,3,0,2,0,0,1,0,1,0,2
reuters-topics/crude/article569.txt,14,10,7,22,8,12,4,7,8,9,8,2,0,1,3,2,2,0,2,0
reuters-topics/crude/article555.txt,18,2,14,4,3,3,2,1,4,5,3,0,4,2,1,5,0,1,0,0
reuters-topics/crude/article233.txt,0,4,8,2,3,3,1,0,0,2,2,0,0,2,0,1,2,1,1,0
reuters-topics/crude/article227.txt,10,3,3,4,7,6,2,1,0,4,1,1,1,0,0,0,2,0,1,0
reuters-topics/crude/article541.txt,0,0,0,0,2,0,0,2,0,2,0,2,0,0,0,0,0,0,0,0
reuters-topics/crude/article283.txt,2,3,1,0,2,1,2,2,2,1,0,0,1,0,0,2,2,2,1,0
reuters-topics/crude/article297.txt,8,1,3,3,2,3,1,1,2,2,2,0,1,2,1,2,1,0,0,0
reuters-topics/crude/article268.txt,19,9,8,14,9,9,11,1,5,6,1,0,6,4,2,4,0,1,5,0
reuters-topics/crude/article240.txt,0,0,0,0,0,0,0,0,0,0,0,0,0,0,0,0,0,0,0,0
reuters-topics/crude/article526.txt,8,2,3,9,0,0,3,0,1,5,0,0,0,0,0,0,1,0,0,0
reuters-topics/crude/article532.txt,1,2,1,1,2,2,2,0,1,3,4,0,0,1,0,1,0,0,0,0
reuters-topics/crude/article254.txt,0,4,0,0,0,0,0,0,2,0,0,0,0,0,0,0,0,0,0,0
reuters-topics/crude/article081.txt,3,1,0,1,2,2,2,0,2,1,0,0,0,0,0,0,1,2,1,0
reuters-topics/crude/article095.txt,5,0,2,4,2,4,0,1,1,2,0,0,0,0,0,1,3,0,0,0
reuters-topics/crude/article042.txt,10,4,5,1,3,4,7,0,1,2,0,0,0,2,2,0,0,1,1,0
reuters-topics/crude/article056.txt,15,3,9,5,2,6,4,3,5,4,3,1,0,0,0,1,0,0,1,0
reuters-topics/crude/article136.txt,17,3,7,4,3,2,2,2,3,9,6,0,3,0,0,5,0,2,0,5
reuters-topics/crude/article122.txt,7,0,5,4,4,4,1,4,1,3,3,2,1,0,1,0,0,1,0,0
reuters-topics/crude/article491.txt,0,2,0,0,0,0,0,2,0,2,0,2,0,0,0,0,0,0,0,0
reuters-topics/crude/article485.txt,49,23,20,11,19,7,14,11,4,10,2,0,5,1,3,4,5,10,4,0
reuters-topics/crude/article308.txt,18,9,9,8,9,5,4,5,7,5,0,0,4,2,1,0,0,0,1,0
reuters-topics/crude/article334.txt,0,0,0,0,0,2,2,0,0,0,0,0,0,0,0,0,2,0,2,0
reuters-topics/crude/article452.txt,4,4,2,1,3,2,1,1,0,3,5,0,0,1,2,0,1,0,1,0
reuters-topics/crude/article446.txt,31,9,7,5,6,7,5,5,4,11,2,5,5,3,3,0,3,1,4,0
reuters-topics/crude/article320.txt,4,1,2,4,4,2,2,0,1,3,0,0,3,0,0,1,0,0,1,0
reuters-topics/crude/article447.txt,11,7,2,2,1,4,2,3,4,4,2,0,2,0,2,1,0,1,0,0
reuters-topics/crude/article321.txt,31,8,7,10,12,7,11,4,3,8,0,3,4,12,1,5,1,2,1,0
reuters-topics/crude/article335.txt,1,0,3,0,1,1,1,0,0,3,3,0,0,0,1,1,0,0,0,0
reuters-topics/crude/article453.txt,16,9,4,3,8,4,6,7,3,12,0,5,6,4,0,0,1,1,2,0
reuters-topics/crude/article309.txt,27,14,8,9,6,7,4,5,2,9,3,0,2,2,1,1,1,3,5,0
reuters-topics/crude/article484.txt,2,2,3,3,3,2,2,0,0,0,0,0,1,0,0,0,2,0,0,0
reuters-topics/crude/article490.txt,15,9,5,2,4,6,7,2,0,4,1,2,4,1,0,2,2,0,1,0
reuters-topics/crude/article123.txt,6,8,0,4,0,2,4,3,1,4,0,0,1,0,3,0,1,0,1,0
reuters-topics/crude/article137.txt,23,13,7,8,8,9,13,9,3,4,0,6,8,6,0,3,4,0,5,0
reuters-topics/crude/article057.txt,1,1,1,1,1,2,0,2,0,2,1,2,0,0,0,1,0,1,0,0
reuters-topics/crude/article043.txt,8,2,3,1,2,3,3,0,1,3,0,0,1,2,1,0,5,0,2,0
reuters-topics/crude/article094.txt,2,1,5,1,4,3,0,1,1,5,0,0,0,0,0,1,3,0,0,0
reuters-topics/crude/article080.txt,3,0,0,1,1,3,4,0,1,3,0,0,0,0,0,0,1,2,2,0
reuters-topics/crude/article533.txt,25,16,9,5,2,7,5,5,3,3,0,0,2,2,0,1,4,1,3,0
reuters-topics/crude/article255.txt,36,16,16,37,8,10,8,3,4,10,28,1,11,4,8,4,5,8,5,6
reuters-topics/crude/article241.txt,5,2,1,1,0,3,2,2,0,1,0,1,0,0,0,0,3,0,1,0
reuters-topics/crude/article527.txt,13,2,7,6,4,5,4,5,0,4,0,0,6,0,1,3,2,0,1,0
reuters-topics/crude/article269.txt,0,0,0,0,0,0,0,0,0,0,4,0,0,0,0,0,0,0,0,0
reuters-topics/crude/article296.txt,34,17,19,13,8,4,13,9,3,7,5,9,4,3,5,2,0,2,4,0
reuters-topics/crude/article282.txt,7,5,2,6,3,4,0,0,0,2,9,0,0,0,0,1,1,0,1,0
reuters-topics/crude/article294.txt,1,2,8,1,6,3,1,0,0,5,4,0,0,0,1,1,1,0,1,0
reuters-topics/crude/article280.txt,0,2,0,0,0,0,0,0,0,2,0,0,0,0,0,0,0,0,0,0
reuters-topics/crude/article519.txt,5,3,3,3,2,1,2,1,2,0,4,0,0,0,0,1,1,1,0,0
reuters-topics/crude/article257.txt,0,0,0,0,0,0,0,0,0,0,2,0,0,0,0,0,0,0,0,0
reuters-topics/crude/article531.txt,17,15,8,9,8,5,3,5,0,5,1,0,2,0,2,0,1,1,3,0
reuters-topics/crude/article525.txt,12,3,7,2,4,3,5,3,3,10,0,3,6,0,0,3,0,2,0,0
reuters-topics/crude/article243.txt,6,1,2,2,1,3,5,1,2,5,0,1,0,2,0,0,1,1,1,0
reuters-topics/crude/article096.txt,12,13,13,4,4,6,2,2,4,4,2,0,3,0,2,2,4,1,0,11
reuters-topics/crude/article082.txt,0,0,0,0,0,0,0,0,0,0,0,0,0,0,0,2,0,0,0,0
reuters-topics/crude/article069.txt,0,0,0,0,0,0,0,0,0,4,0,0,0,0,0,0,0,0,0,0
reuters-topics/crude/article055.txt,24,15,8,5,7,9,4,6,4,6,0,4,6,3,1,5,6,2,0,0
reuters-topics/crude/article041.txt,17,11,7,5,1,4,5,5,3,8,0,4,2,1,0,1,0,3,2,0
reuters-topics/crude/article109.txt,3,7,1,2,0,4,1,1,3,5,1,0,0,0,0,0,1,1,0,0
reuters-topics/crude/article121.txt,10,3,0,3,1,2,2,3,0,2,0,3,3,2,0,0,1,0,0,0
reuters-topics/crude/article135.txt,15,3,1,3,1,4,2,10,3,1,0,8,3,2,3,1,4,1,1,0
reuters-topics/crude/article486.txt,21,10,5,8,5,4,8,1,4,3,0,1,2,3,0,2,0,2,1,0
reuters-topics/crude/article492.txt,21,11,9,10,2,2,10,5,5,4,12,4,1,4,7,2,0,0,1,0
reuters-topics/crude/article479.txt,8,7,7,1,5,5,8,2,0,0,2,0,2,3,1,0,3,3,0,1
reuters-topics/crude/article323.txt,8,1,1,1,2,2,1,2,1,5,1,0,2,0,1,0,1,1,2,0
reuters-topics/crude/article445.txt,14,6,3,5,6,1,11,0,2,2,0,0,4,1,0,3,0,0,0,0
reuters-topics/crude/article451.txt,37,15,17,17,12,10,5,0,9,9,1,4,10,5,1,2,4,2,1,0
reuters-topics/crude/article337.txt,3,2,1,0,0,2,4,0,1,3,0,0,0,1,1,0,1,0,1,0
reuters-topics/crude/article450.txt,16,4,14,14,9,9,6,4,1,5,0,0,2,9,3,1,1,1,0,0
reuters-topics/crude/article336.txt,11,6,7,2,5,7,1,0,2,3,3,0,2,0,2,1,6,0,0,0
reuters-topics/crude/article322.txt,8,4,4,0,6,1,4,2,1,3,0,0,6,1,0,1,1,0,3,0
reuters-topics/crude/article444.txt,8,3,5,2,3,5,2,2,1,1,2,1,0,0,1,2,1,1,0,0
reuters-topics/crude/article478.txt,5,3,4,12,4,2,1,1,1,3,3,0,1,0,4,2,1,0,0,0
reuters-topics/crude/article493.txt,9,5,3,12,2,5,7,6,2,5,4,4,1,2,7,0,1,0,1,0
reuters-topics/crude/article487.txt,7,1,5,4,4,3,9,0,0,4,0,0,1,0,2,1,1,2,0,0
reuters-topics/crude/article134.txt,5,3,3,0,1,2,2,3,3,5,0,0,2,0,0,0,0,0,1,0
reuters-topics/crude/article120.txt,6,2,6,1,1,2,3,2,1,6,0,0,1,0,0,0,0,1,0,0
reuters-topics/crude/article108.txt,14,7,8,4,5,7,6,3,2,10,0,0,0,1,1,3,0,1,0,0
reuters-topics/crude/article040.txt,38,14,12,6,9,8,9,3,1,6,0,1,5,10,3,4,2,10,6,0
reuters-topics/crude/article054.txt,15,20,8,7,8,9,8,9,8,10,13,5,3,3,3,3,1,5,1,0
reuters-topics/crude/article068.txt,0,0,0,0,0,0,0,0,0,2,0,0,0,0,0,0,0,0,0,0
reuters-topics/crude/article083.txt,5,2,0,0,1,1,3,1,1,5,0,1,0,0,0,0,1,0,3,0
reuters-topics/crude/article097.txt,21,12,8,17,2,5,6,4,3,6,5,0,1,0,8,1,2,0,3,3
reuters-topics/crude/article524.txt,19,4,8,7,8,8,6,6,0,7,0,0,6,0,1,5,4,0,1,0
reuters-topics/crude/article242.txt,9,2,3,8,3,3,2,2,0,2,1,0,0,0,1,1,0,0,0,0
reuters-topics/crude/article256.txt,37,15,16,36,8,11,9,1,4,8,11,0,7,4,8,4,4,7,5,8
reuters-topics/crude/article530.txt,11,12,5,10,15,8,7,0,1,5,10,0,2,0,5,0,2,2,0,0
reuters-topics/crude/article518.txt,44,15,22,10,19,16,9,11,3,11,0,4,5,8,1,4,3,7,1,0
reuters-topics/crude/article281.txt,0,0,0,0,0,0,0,0,0,0,4,0,0,0,0,0,0,0,0,0
reuters-topics/crude/article295.txt,3,1,1,1,1,2,3,1,1,4,0,1,0,0,0,0,1,0,0,0
reuters-topics/crude/article291.txt,5,2,6,0,1,2,0,0,1,2,0,0,0,0,0,3,1,1,0,0
reuters-topics/crude/article285.txt,0,2,0,0,0,0,0,0,0,0,0,0,0,0,0,0,0,0,0,0
reuters-topics/crude/article534.txt,11,11,7,7,12,9,8,4,6,10,8,2,2,2,3,5,8,2,2,0
reuters-topics/crude/article252.txt,9,2,6,4,3,4,4,3,1,3,1,0,1,2,0,1,0,1,0,0
reuters-topics/crude/article246.txt,8,4,5,4,6,4,5,3,1,0,1,0,2,1,0,0,5,0,1,1
reuters-topics/crude/article520.txt,18,10,2,3,2,6,3,1,1,2,0,0,2,2,0,0,5,1,1,0
reuters-topics/crude/article508.txt,29,23,15,13,12,8,6,12,3,8,3,1,5,5,3,1,5,6,5,0
reuters-topics/crude/article093.txt,3,2,2,0,0,1,4,1,2,2,0,0,1,0,0,2,2,0,0,0
reuters-topics/crude/article087.txt,6,2,3,0,2,1,2,0,0,1,0,0,0,0,1,0,0,0,0,0
reuters-topics/crude/article050.txt,6,5,3,5,8,2,9,2,3,5,1,0,3,3,1,0,3,3,1,0
reuters-topics/crude/article044.txt,2,3,0,3,1,2,3,0,1,2,0,0,3,0,2,0,0,1,0,0
reuters-topics/crude/article078.txt,0,2,0,0,0,0,2,0,0,2,0,0,0,0,0,0,0,0,0,0
reuters-topics/crude/article124.txt,20,8,9,8,2,5,6,2,3,4,0,1,1,1,0,1,0,2,2,0
reuters-topics/crude/article130.txt,3,1,1,1,3,1,3,4,2,2,0,3,3,0,0,1,0,0,1,0
reuters-topics/crude/article118.txt,19,8,7,4,7,3,6,4,5,6,0,0,0,2,2,5,3,1,2,0
reuters-topics/crude/article483.txt,3,2,3,3,3,0,1,4,0,4,6,0,1,0,2,0,0,0,0,0
reuters-topics/crude/article497.txt,0,2,0,0,0,0,0,2,0,2,0,2,2,0,0,0,0,0,0,0
reuters-topics/crude/article440.txt,11,3,5,2,0,4,4,0,2,5,2,0,1,3,3,0,1,0,2,0
reuters-topics/crude/article326.txt,6,1,1,2,0,3,3,1,0,2,0,1,0,0,0,3,1,0,0,0
reuters-topics/crude/article332.txt,4,1,3,1,4,3,1,4,1,3,1,4,2,1,2,0,3,0,1,0
reuters-topics/crude/article454.txt,12,11,8,7,7,6,9,7,0,5,0,2,1,0,0,2,1,0,0,0
reuters-topics/crude/article468.txt,3,6,4,2,4,4,3,1,2,4,0,1,0,0,1,1,3,0,0,0
reuters-topics/crude/article469.txt,10,13,5,5,2,9,1,5,1,4,0,0,0,2,2,1,0,2,4,0
reuters-topics/crude/article333.txt,0,0,2,0,0,0,0,2,0,2,0,0,0,0,0,0,0,0,0,0
reuters-topics/crude/article455.txt,0,0,0,0,0,0,0,2,2,2,0,2,0,0,0,0,0,0,0,0
reuters-topics/crude/article441.txt,5,3,2,2,0,4,2,4,3,4,0,2,0,0,0,0,1,0,0,0
reuters-topics/crude/article327.txt,3,0,3,4,3,2,2,0,0,3,0,0,0,1,1,0,0,0,1,0
reuters-topics/crude/article496.txt,16,11,5,2,2,1,2,1,2,3,1,0,0,0,0,0,2,2,3,0
reuters-topics/crude/article482.txt,10,3,0,5,1,6,4,3,2,3,14,2,0,0,8,1,1,0,1,0
reuters-topics/crude/article119.txt,6,5,2,1,3,6,5,3,0,1,1,0,0,1,3,0,2,2,1,0
reuters-topics/crude/article131.txt,23,13,10,14,3,10,6,7,4,5,1,0,4,0,4,5,0,0,6,0
reuters-topics/crude/article125.txt,7,0,4,5,1,1,1,2,0,2,2,2,2,0,0,1,0,0,2,0
reuters-topics/crude/article079.txt,2,0,0,0,1,3,2,1,2,1,0,0,0,0,0,1,1,2,1,0
reuters-topics/crude/article045.txt,22,15,14,7,11,12,12,4,6,12,1,0,2,3,0,1,7,2,3,0
reuters-topics/crude/article051.txt,8,4,5,6,0,4,4,1,1,6,0,1,0,0,0,0,0,1,3,0
reuters-topics/crude/article086.txt,2,0,1,0,1,2,3,0,1,1,0,0,0,0,0,0,1,2,1,0
reuters-topics/crude/article092.txt,0,0,0,0,0,0,0,0,0,2,0,0,0,0,0,0,0,0,0,0
reuters-topics/crude/article509.txt,6,2,2,2,2,2,4,0,0,2,0,0,1,1,0,4,0,1,1,0
reuters-topics/crude/article247.txt,27,31,11,7,16,15,6,2,3,15,2,1,4,17,2,3,5,5,1,0
reuters-topics/crude/article521.txt,0,0,0,0,0,0,0,0,0,2,0,0,0,0,0,0,0,0,0,0
reuters-topics/crude/article535.txt,1,2,1,1,2,2,2,0,1,3,4,0,0,1,0,1,0,0,0,0
reuters-topics/crude/article253.txt,11,1,7,4,2,2,1,0,0,5,0,0,1,0,1,0,1,2,0,0
reuters-topics/crude/article284.txt,10,3,0,5,1,6,4,3,2,3,14,2,0,0,8,1,1,0,1,0
reuters-topics/crude/article290.txt,8,4,1,7,7,5,3,1,0,1,1,0,1,1,1,0,2,1,0,0
reuters-topics/crude/article286.txt,14,6,11,4,6,5,5,5,4,0,0,0,2,2,0,1,0,0,1,0
reuters-topics/crude/article292.txt,18,8,9,16,12,0,7,5,4,3,13,1,0,1,6,1,0,1,6,0
reuters-topics/crude/article523.txt,47,18,14,21,11,11,4,11,1,6,0,7,4,7,2,0,3,1,4,0
reuters-topics/crude/article245.txt,5,3,1,6,3,4,6,7,4,4,0,1,3,1,0,0,1,2,1,0
reuters-topics/crude/article251.txt,3,1,2,2,1,3,2,2,0,1,5,0,0,1,0,0,0,2,0,0
reuters-topics/crude/article537.txt,13,6,4,7,6,5,1,3,2,2,2,1,0,4,0,0,1,0,1,0
reuters-topics/crude/article279.txt,17,16,8,5,7,5,8,3,8,13,0,1,2,7,5,1,0,0,2,0
reuters-topics/crude/article084.txt,0,0,0,0,0,0,0,0,0,2,0,0,0,0,0,0,0,0,0,0
reuters-topics/crude/article090.txt,2,0,1,0,1,3,4,0,1,2,0,0,0,0,0,1,2,2,3,0
reuters-topics/crude/article047.txt,5,2,2,0,3,2,0,0,1,3,0,0,1,0,1,1,0,0,1,0
reuters-topics/crude/article053.txt,13,6,7,8,0,6,4,1,1,8,0,1,0,0,1,0,0,1,3,0
reuters-topics/crude/article133.txt,4,1,1,0,1,1,2,1,2,3,0,0,1,0,0,0,3,0,1,0
reuters-topics/crude/article127.txt,17,1,8,3,4,4,7,0,0,5,1,0,1,1,0,6,0,0,2,0
reuters-topics/crude/article494.txt,23,11,13,10,2,5,10,1,3,2,0,2,9,4,1,2,2,4,3,0
reuters-topics/crude/article480.txt,0,0,0,0,0,0,0,0,0,0,6,0,0,0,0,0,0,0,0,0
reuters-topics/crude/article457.txt,4,0,3,2,2,3,3,0,0,2,1,0,1,0,1,1,4,2,0,0
reuters-topics/crude/article331.txt,23,7,14,10,13,11,13,7,3,6,7,0,2,3,2,2,3,1,2,0
reuters-topics/crude/article325.txt,16,6,7,4,6,8,5,3,4,6,3,0,4,1,1,2,2,1,1,0
reuters-topics/crude/article443.txt,0,3,1,2,1,1,2,0,0,1,0,0,0,0,0,0,1,0,1,0
reuters-topics/crude/article319.txt,39,17,18,14,11,14,14,4,6,19,7,4,3,6,4,6,4,6,7,1
reuters-topics/crude/article318.txt,3,1,1,3,3,2,1,0,1,3,0,0,2,0,0,0,0,0,2,0
reuters-topics/crude/article324.txt,24,23,10,8,7,7,6,4,5,8,4,1,3,0,2,3,4,1,3,0
reuters-topics/crude/article442.txt,25,12,6,6,5,8,5,5,6,4,2,0,5,1,3,3,5,4,6,0
reuters-topics/crude/article456.txt,19,8,5,2,6,6,5,5,7,11,1,3,4,5,1,1,1,2,2,0
reuters-topics/crude/article330.txt,36,22,19,38,22,22,22,10,6,4,0,5,3,1,5,2,20,6,7,0
reuters-topics/crude/article481.txt,42,17,19,13,12,17,17,14,13,22,2,13,4,12,2,2,0,5,3,0
reuters-topics/crude/article495.txt,16,5,15,9,3,8,3,3,3,4,4,1,2,0,3,2,4,0,1,0
reuters-topics/crude/article126.txt,3,1,1,1,3,1,3,4,2,2,0,3,3,0,0,1,0,0,1,0
reuters-topics/crude/article132.txt,11,4,4,5,6,3,4,6,0,2,0,5,5,1,0,1,3,2,1,0
reuters-topics/crude/article052.txt,12,4,3,3,4,6,4,1,3,8,0,0,3,1,0,0,0,1,1,0
reuters-topics/crude/article046.txt,11,8,7,3,4,4,1,4,3,2,0,1,2,1,2,1,0,0,1,0
reuters-topics/crude/article091.txt,2,0,0,0,1,2,2,0,1,1,0,0,0,0,0,0,1,1,2,0
reuters-topics/crude/article085.txt,4,0,1,0,0,1,3,0,2,1,0,0,0,0,0,0,1,2,0,0
reuters-topics/crude/article278.txt,4,2,1,1,5,4,1,0,0,2,0,0,3,0,2,0,4,0,0,0
reuters-topics/crude/article250.txt,33,11,19,11,16,10,16,14,9,18,0,2,3,3,7,6,1,15,5,0
reuters-topics/crude/article536.txt,28,10,9,12,6,7,4,9,1,2,0,7,2,4,0,0,1,0,3,0
reuters-topics/crude/article522.txt,14,1,8,2,6,3,4,1,1,5,0,0,0,0,0,0,1,2,2,0
reuters-topics/crude/article244.txt,12,5,9,7,2,2,6,4,1,1,1,0,2,4,1,1,1,1,0,1
reuters-topics/crude/article293.txt,0,0,0,0,0,0,0,0,0,0,0,0,0,0,0,0,0,0,0,0
reuters-topics/crude/article287.txt,11,8,8,3,3,5,4,2,0,2,0,0,2,2,1,1,1,5,0,0
reuters-topics/crude/article249.txt,5,0,1,3,8,2,0,1,1,4,1,1,0,0,1,0,2,0,0,0
reuters-topics/crude/article261.txt,4,2,2,2,1,2,1,0,0,2,0,0,2,0,1,0,1,2,0,0
reuters-topics/crude/article507.txt,21,19,11,14,5,7,7,3,2,5,2,2,0,5,1,4,2,0,0,0
reuters-topics/crude/article513.txt,14,7,4,5,5,6,5,2,2,7,0,0,3,1,2,4,0,3,0,0
reuters-topics/crude/article275.txt,4,0,7,2,5,1,3,0,0,1,1,1,0,0,0,1,1,1,0,0
reuters-topics/crude/article088.txt,19,1,6,0,3,3,7,2,3,4,0,2,3,7,1,0,2,0,2,0
reuters-topics/crude/article063.txt,5,3,3,6,3,1,3,0,0,2,1,0,0,0,1,0,0,1,0,0
reuters-topics/crude/article077.txt,0,2,0,0,0,0,2,0,0,2,0,0,0,0,0,0,0,0,0,0
reuters-topics/crude/article117.txt,10,10,5,4,6,5,3,2,1,1,2,0,0,0,2,0,0,0,1,0
reuters-topics/crude/article103.txt,9,3,2,7,2,6,2,4,0,2,0,2,2,0,1,3,0,0,1,0
reuters-topics/crude/article498.txt,7,5,2,0,1,5,4,3,1,5,0,3,4,4,0,1,1,4,0,0
reuters-topics/crude/article329.txt,24,23,10,8,7,7,6,4,5,8,4,1,3,0,2,3,4,1,3,0
reuters-topics/crude/article315.txt,2,3,0,0,0,2,5,0,2,1,0,0,0,2,0,0,1,0,2,0
reuters-topics/crude/article473.txt,10,2,2,3,3,1,3,1,0,1,0,0,2,0,1,3,2,0,1,0
reuters-topics/crude/article467.txt,13,2,4,3,3,2,3,1,1,1,0,0,4,0,1,0,1,0,1,0
reuters-topics/crude/article301.txt,2,1,2,0,3,2,0,1,1,2,0,0,0,1,0,1,0,0,0,0
reuters-topics/crude/article466.txt,6,5,3,3,1,2,2,1,1,6,1,0,0,2,1,1,3,0,3,0
reuters-topics/crude/article300.txt,4,5,0,2,2,3,1,1,0,3,0,1,2,2,0,0,1,3,0,0
reuters-topics/crude/article314.txt,2,0,1,1,3,2,0,1,2,2,0,1,0,0,0,0,0,1,0,0
reuters-topics/crude/article472.txt,23,13,4,5,9,7,5,2,3,8,1,1,4,1,0,3,2,3,4,0
reuters-topics/crude/article328.txt,5,1,2,4,2,1,1,2,0,2,1,0,2,0,0,0,0,0,2,0
reuters-topics/crude/article499.txt,7,5,2,0,1,5,4,3,1,5,0,3,4,4,0,1,1,4,0,0
reuters-topics/crude/article102.txt,17,2,4,4,4,7,2,4,4,6,3,3,0,1,2,2,3,0,0,0
reuters-topics/crude/article116.txt,25,7,11,4,11,9,8,1,1,9,4,2,4,5,1,4,3,1,2,0
reuters-topics/crude/article076.txt,0,0,0,0,0,0,0,0,0,2,0,0,0,0,0,0,0,0,0,0
reuters-topics/crude/article062.txt,16,5,7,10,1,4,4,2,3,8,0,2,2,0,1,2,0,0,0,0
reuters-topics/crude/article089.txt,0,0,0,0,0,0,0,0,0,2,0,0,0,0,0,0,0,0,0,0
reuters-topics/crude/article512.txt,17,9,13,6,6,9,4,1,6,6,0,0,1,3,0,1,3,1,0,0
reuters-topics/crude/article274.txt,20,20,22,21,9,16,7,11,7,19,5,0,0,4,4,2,2,6,1,0
reuters-topics/crude/article260.txt,17,4,6,5,4,3,2,6,2,1,0,6,1,0,1,1,0,1,1,0
reuters-topics/crude/article506.txt,12,3,5,1,9,2,0,3,2,9,0,1,0,0,2,24,1,0,0,0
reuters-topics/crude/article248.txt,6,3,4,0,1,2,2,0,1,5,2,0,1,1,3,0,0,0,0,0
reuters-topics/crude/article289.txt,4,2,2,0,1,1,3,1,2,1,0,0,1,0,0,0,2,0,0,0
reuters-topics/crude/article538.txt,21,6,6,7,4,2,2,6,5,0,0,6,1,3,0,2,2,1,1,0
reuters-topics/crude/article276.txt,3,0,1,2,1,2,1,0,1,2,0,0,4,0,0,0,1,1,1,0
reuters-topics/crude/article510.txt,22,3,11,11,19,6,5,4,2,10,2,1,0,0,1,1,6,0,2,0
reuters-topics/crude/article504.txt,5,1,5,0,3,2,2,0,1,1,0,0,0,2,2,1,2,1,0,0
reuters-topics/crude/article262.txt,20,4,6,6,4,5,1,1,2,0,0,0,3,0,0,4,0,0,0,0
reuters-topics/crude/article048.txt,11,5,8,9,6,5,7,2,2,2,1,0,0,1,3,0,5,1,1,0
reuters-topics/crude/article074.txt,0,2,0,0,0,0,2,0,0,2,0,0,0,0,0,0,0,0,0,0
reuters-topics/crude/article060.txt,19,6,6,5,5,6,10,6,2,1,0,5,1,4,1,1,0,1,1,0
reuters-topics/crude/article128.txt,32,20,10,15,8,12,4,0,5,14,0,0,9,8,3,0,3,4,2,0
reuters-topics/crude/article100.txt,4,1,1,0,0,2,3,1,2,2,0,0,0,0,0,0,1,0,2,0
reuters-topics/crude/article114.txt,33,15,15,10,5,7,6,12,2,2,0,10,5,4,1,1,1,7,4,0
reuters-topics/crude/article458.txt,17,9,4,4,8,4,7,7,3,12,0,5,6,4,0,0,1,1,2,0
reuters-topics/crude/article302.txt,2,4,4,3,1,0,2,0,1,1,5,0,1,0,0,0,0,0,1,2
reuters-topics/crude/article464.txt,0,0,0,0,0,0,0,0,0,0,6,0,0,0,0,0,0,0,0,0
reuters-topics/crude/article470.txt,8,3,6,1,0,3,2,1,0,2,0,1,1,1,1,1,0,2,0,0
reuters-topics/crude/article316.txt,13,5,2,0,3,6,1,2,0,4,0,0,3,3,1,1,2,1,0,0
reuters-topics/crude/article471.txt,8,5,1,2,1,3,6,5,2,4,0,2,1,3,0,1,1,0,4,0
reuters-topics/crude/article317.txt,21,13,9,11,5,8,6,6,4,5,10,0,0,0,7,6,1,0,2,0
reuters-topics/crude/article303.txt,15,13,16,7,7,10,8,5,5,7,4,0,2,4,0,3,6,3,4,0
reuters-topics/crude/article465.txt,6,6,1,6,2,4,6,0,0,3,15,0,0,0,7,0,1,0,1,0
reuters-topics/crude/article459.txt,11,10,8,10,6,9,13,2,7,7,0,0,1,5,0,1,1,1,3,0
reuters-topics/crude/article115.txt,3,5,1,1,1,1,1,5,1,1,0,4,1,0,1,0,1,0,1,0
reuters-topics/crude/article101.txt,43,22,10,24,17,11,21,13,4,12,4,5,2,5,4,9,1,9,2,0
reuters-topics/crude/article129.txt,28,9,1,4,3,7,3,9,2,4,1,6,4,2,2,2,0,1,1,0
reuters-topics/crude/article061.txt,17,2,10,3,2,1,7,2,2,4,3,1,3,0,0,0,1,0,2,0
reuters-topics/crude/article075.txt,0,2,0,0,0,0,0,0,0,2,0,0,0,0,0,0,0,0,0,0
reuters-topics/crude/article049.txt,6,5,3,4,8,2,9,2,3,5,1,0,3,3,1,0,3,3,1,0
reuters-topics/crude/article505.txt,7,5,0,4,2,2,3,1,2,1,0,1,1,2,0,0,1,0,0,0
reuters-topics/crude/article263.txt,9,16,5,5,2,6,8,2,7,7,4,2,2,2,1,1,1,1,2,0
reuters-topics/crude/article277.txt,8,3,8,4,2,4,7,2,1,6,1,3,0,3,2,0,0,1,1,0
reuters-topics/crude/article511.txt,16,13,7,8,6,12,5,7,1,9,1,0,6,0,8,2,0,6,3,0
reuters-topics/crude/article539.txt,14,5,2,2,4,3,6,8,2,3,1,0,4,0,1,0,2,1,1,0
reuters-topics/crude/article288.txt,4,1,0,0,0,1,2,1,2,2,0,0,1,0,0,0,2,0,0,0
reuters-topics/crude/article298.txt,30,17,9,10,6,4,1,3,1,2,1,0,3,7,3,0,1,2,3,0
reuters-topics/crude/article515.txt,5,3,2,1,0,4,2,5,0,4,0,0,3,0,0,2,0,0,1,0
reuters-topics/crude/article273.txt,6,9,1,5,2,2,1,1,0,2,16,3,0,0,8,1,0,0,0,0
reuters-topics/crude/article267.txt,19,22,7,9,9,11,6,4,5,12,4,0,1,10,0,1,1,8,0,0
reuters-topics/crude/article501.txt,4,4,2,1,1,1,2,0,1,1,2,0,0,0,0,3,1,0,3,0
reuters-topics/crude/article529.txt,15,17,14,7,5,6,11,5,3,7,0,0,6,2,1,0,1,4,0,0
reuters-topics/crude/article071.txt,7,0,4,0,2,1,4,0,2,2,0,0,0,0,1,0,0,3,1,0
reuters-topics/crude/article065.txt,3,2,3,3,4,5,3,4,1,3,0,1,1,1,1,1,0,1,3,0
reuters-topics/crude/article059.txt,6,3,5,1,3,1,2,4,3,1,0,0,0,5,0,1,0,0,0,0
reuters-topics/crude/article105.txt,8,3,3,2,3,4,3,1,0,4,0,0,0,0,2,3,4,0,0,0
reuters-topics/crude/article111.txt,61,17,29,15,6,0,6,1,6,1,1,1,2,5,3,2,0,0,5,0
reuters-topics/crude/article139.txt,3,0,0,0,2,2,2,2,1,1,0,0,0,0,0,0,0,1,0,0
reuters-topics/crude/article461.txt,27,14,9,21,10,3,10,3,4,10,7,2,2,2,4,0,1,7,2,1
reuters-topics/crude/article307.txt,3,6,2,5,2,4,5,4,3,3,2,2,1,2,5,0,1,1,0,0
reuters-topics/crude/article313.txt,12,6,7,16,7,5,1,1,3,4,22,0,1,0,6,2,4,3,1,0
reuters-topics/crude/article475.txt,41,16,22,18,15,9,17,14,7,14,2,6,4,12,3,5,3,7,7,0
reuters-topics/crude/article449.txt,8,8,5,6,3,6,4,1,0,10,0,1,1,5,0,0,2,7,0,0
reuters-topics/crude/article448.txt,5,1,0,1,2,3,2,1,0,1,0,0,0,0,1,1,1,0,1,0
reuters-topics/crude/article312.txt,6,5,1,3,0,1,5,1,0,2,0,0,1,4,2,0,4,0,1,0
reuters-topics/crude/article474.txt,43,24,29,24,13,10,17,18,11,9,2,10,3,12,3,1,1,8,2,0
reuters-topics/crude/article460.txt,8,9,4,0,2,5,4,4,1,10,0,0,4,2,0,1,0,1,2,0
reuters-topics/crude/article306.txt,6,4,3,4,3,3,2,1,1,3,0,0,0,0,0,5,0,0,0,0
reuters-topics/crude/article138.txt,13,2,4,3,3,4,1,2,4,1,1,1,1,0,0,0,1,2,0,0
reuters-topics/crude/article110.txt,24,13,13,11,9,3,3,8,5,14,7,0,7,1,6,0,4,2,4,0
reuters-topics/crude/article104.txt,26,9,6,7,2,5,2,5,2,1,0,5,2,5,1,0,2,1,0,0
reuters-topics/crude/article058.txt,0,0,0,0,0,0,0,0,0,0,6,0,0,0,0,0,0,0,0,0
reuters-topics/crude/article064.txt,4,4,3,2,1,2,3,1,2,3,0,0,0,0,0,0,0,1,0,0
reuters-topics/crude/article070.txt,0,0,0,0,0,0,0,0,0,2,0,0,0,0,0,0,0,0,0,0
reuters-topics/crude/article528.txt,6,3,4,4,5,2,2,2,0,0,0,2,1,0,0,0,1,0,3,0
reuters-topics/crude/article266.txt,7,3,2,1,3,2,2,1,0,4,0,0,1,0,1,1,0,0,2,0
reuters-topics/crude/article500.txt,4,1,2,1,1,2,2,0,3,1,1,0,0,0,0,0,1,1,0,0
reuters-topics/crude/article514.txt,25,5,8,9,5,7,9,0,1,1,0,0,2,1,2,6,2,2,1,0
reuters-topics/crude/article272.txt,0,0,0,0,0,0,0,0,0,2,0,0,0,0,0,0,0,0,0,0
reuters-topics/crude/article299.txt,0,0,0,0,0,0,2,0,0,0,0,0,0,0,0,2,0,0,0,0
reuters-topics/crude/article502.txt,12,3,6,1,2,4,4,1,1,0,0,0,1,1,2,1,2,1,0,0
reuters-topics/crude/article264.txt,15,14,4,4,5,3,3,3,3,5,0,3,0,2,0,3,0,1,0,0
reuters-topics/crude/article270.txt,0,0,0,0,0,0,0,0,0,0,0,0,0,0,0,0,0,0,0,0
reuters-topics/crude/article516.txt,26,15,7,15,6,10,6,12,1,1,0,10,0,5,2,1,2,1,4,0
reuters-topics/crude/article258.txt,3,5,2,4,3,3,2,0,0,1,2,0,0,0,0,1,4,1,2,0
reuters-topics/crude/article099.txt,0,0,0,0,0,0,0,0,0,2,0,0,0,0,0,0,0,0,0,0
reuters-topics/crude/article066.txt,26,20,13,11,16,3,9,5,9,7,4,0,3,2,1,7,2,5,3,0
reuters-topics/crude/article072.txt,0,2,0,0,0,0,2,0,0,2,0,0,0,0,0,0,0,0,0,0
reuters-topics/crude/article112.txt,20,15,13,6,8,8,11,2,3,2,10,0,5,3,2,3,4,1,2,0
reuters-topics/crude/article106.txt,16,15,5,15,10,14,8,7,9,9,3,1,8,4,4,2,3,3,1,0
reuters-topics/crude/article489.txt,14,7,3,3,3,3,4,2,0,7,1,2,3,3,0,1,2,1,0,0
reuters-topics/crude/article476.txt,22,17,9,14,8,12,2,0,3,1,12,0,3,4,3,2,4,5,0,0
reuters-topics/crude/article310.txt,9,5,4,3,4,5,1,2,3,1,0,2,2,4,0,0,1,2,0,0
reuters-topics/crude/article304.txt,30,16,12,13,11,1,10,8,4,4,1,2,0,1,1,1,5,4,3,0
reuters-topics/crude/article462.txt,4,2,4,4,1,4,8,1,1,2,0,0,0,2,0,0,0,0,0,0
reuters-topics/crude/article338.txt,2,4,0,3,2,4,1,4,0,1,0,0,0,1,0,0,2,3,0,0
reuters-topics/crude/article339.txt,4,3,1,0,1,3,3,1,2,4,0,0,0,1,0,3,4,1,0,0
reuters-topics/crude/article305.txt,20,22,7,11,13,20,10,3,7,3,8,0,3,15,1,6,6,6,6,0
reuters-topics/crude/article463.txt,7,2,2,3,2,4,4,1,1,4,0,0,1,1,0,0,0,0,0,0
reuters-topics/crude/article477.txt,8,6,1,0,4,3,4,0,3,5,1,0,3,0,0,1,1,2,2,0
reuters-topics/crude/article311.txt,2,1,4,1,4,3,1,1,0,4,1,0,0,0,1,0,3,0,1,0
reuters-topics/crude/article488.txt,0,1,0,4,0,1,0,0,0,2,2,0,0,0,1,0,0,0,0,0
reuters-topics/crude/article107.txt,21,19,7,10,9,14,8,6,5,10,5,4,8,5,3,3,3,4,5,0
reuters-topics/crude/article113.txt,7,6,3,4,2,0,1,3,3,2,5,0,0,0,1,0,1,0,1,0
reuters-topics/crude/article073.txt,1,0,0,0,0,2,3,0,2,4,0,0,0,0,0,2,1,1,1,0
reuters-topics/crude/article067.txt,5,5,10,4,6,3,3,1,1,3,3,0,0,0,1,1,3,1,1,0
reuters-topics/crude/article098.txt,15,9,3,4,7,6,6,4,7,3,3,0,1,2,1,4,0,1,2,0
reuters-topics/crude/article259.txt,6,6,1,6,1,4,5,0,0,3,13,0,0,0,7,0,1,0,1,0
reuters-topics/crude/article271.txt,6,6,1,6,2,4,5,0,0,3,14,0,0,0,7,0,1,0,1,0
reuters-topics/crude/article517.txt,10,1,3,7,4,4,2,1,0,5,0,0,0,2,0,0,2,0,3,0
reuters-topics/crude/article503.txt,25,21,17,16,13,12,14,14,2,7,7,0,0,1,4,3,7,5,4,0
reuters-topics/crude/article265.txt,15,15,4,4,5,2,3,4,2,4,0,4,0,2,0,3,0,1,0,0
reuters-topics/crude/article558.txt,26,6,4,9,15,3,13,24,1,4,0,1,5,0,1,0,0,1,1,0
reuters-topics/crude/article564.txt,13,6,4,7,6,5,1,3,2,2,2,1,0,4,0,0,1,0,1,0
reuters-topics/crude/article202.txt,12,4,6,3,2,5,3,1,0,2,0,0,2,2,2,0,1,1,1,0
reuters-topics/crude/article216.txt,5,3,1,4,3,1,1,1,1,2,4,0,0,0,0,2,1,0,1,0
reuters-topics/crude/article570.txt,21,20,10,17,4,11,8,6,5,2,9,2,1,1,11,0,6,0,3,0
reuters-topics/crude/article028.txt,18,13,9,4,2,2,4,2,1,4,0,0,2,1,2,3,1,1,0,0
reuters-topics/crude/article000.txt,13,5,8,6,5,4,4,1,1,2,2,0,1,0,1,0,0,2,2,0
reuters-topics/crude/article014.txt,5,0,2,3,3,2,1,2,1,4,1,0,0,0,1,1,1,1,0,0
reuters-topics/crude/article148.txt,8,7,4,6,4,5,8,3,1,9,3,0,0,1,1,1,1,2,2,0
reuters-topics/crude/article174.txt,16,7,4,5,4,4,4,2,1,1,0,2,5,2,1,0,2,5,1,0
reuters-topics/crude/article160.txt,31,11,16,7,11,10,9,13,4,3,0,10,5,1,0,1,4,0,2,0
reuters-topics/crude/article389.txt,4,2,0,0,1,1,1,1,2,1,0,0,1,0,0,0,2,0,0,0
reuters-topics/crude/article438.txt,19,8,16,5,5,3,10,8,7,5,3,0,2,4,2,2,2,3,2,0
reuters-topics/crude/article410.txt,21,10,10,1,5,5,3,4,0,5,2,0,1,3,8,0,0,2,0,0
reuters-topics/crude/article376.txt,7,1,1,0,0,1,0,0,0,1,0,0,1,0,0,2,0,0,1,0
reuters-topics/crude/article362.txt,34,10,20,15,9,4,11,12,0,5,0,0,4,1,2,2,3,3,5,0
reuters-topics/crude/article404.txt,8,3,3,2,3,3,1,1,1,4,2,0,1,1,0,0,1,1,1,0
reuters-topics/crude/article363.txt,18,6,12,8,7,3,8,3,3,2,4,0,0,1,0,2,0,1,2,0
reuters-topics/crude/article405.txt,8,3,3,2,3,3,1,1,1,4,2,0,1,1,0,0,1,1,1,0
reuters-topics/crude/article411.txt,9,1,3,4,1,3,4,0,1,3,0,0,0,2,0,2,1,2,0,0
reuters-topics/crude/article377.txt,20,23,14,6,8,14,9,6,5,8,1,1,8,2,1,6,1,2,2,0
reuters-topics/crude/article439.txt,24,25,11,12,13,18,6,3,4,10,8,0,3,2,5,2,3,3,8,0
reuters-topics/crude/article388.txt,0,0,0,0,0,0,0,0,0,0,0,0,0,0,0,0,0,0,0,0
reuters-topics/crude/article161.txt,38,13,3,16,5,10,15,11,5,4,0,7,9,5,1,2,9,3,2,0
reuters-topics/crude/article175.txt,0,0,0,0,0,2,2,0,0,2,0,0,0,0,0,0,0,0,0,0
reuters-topics/crude/article149.txt,7,5,3,4,0,3,4,3,3,1,0,0,1,1,0,1,2,2,1,0
reuters-topics/crude/article015.txt,0,0,0,0,0,0,0,0,0,0,0,0,0,0,0,0,0,0,0,0
reuters-topics/crude/article001.txt,43,16,22,13,19,10,15,16,10,7,3,9,3,8,3,5,4,4,9,0
reuters-topics/crude/article029.txt,1,10,3,0,1,2,2,0,0,2,0,0,0,0,0,0,0,1,0,0
reuters-topics/crude/article217.txt,18,13,4,16,10,1,17,5,6,6,0,4,1,0,6,2,0,0,3,0
reuters-topics/crude/article571.txt,9,7,5,4,7,4,5,3,7,6,0,1,6,0,1,0,1,0,0,0
reuters-topics/crude/article565.txt,4,1,2,0,1,1,4,0,5,1,0,0,0,0,0,0,2,2,1,0
reuters-topics/crude/article203.txt,14,7,6,4,8,2,5,2,0,1,0,0,4,3,0,3,1,0,0,0
reuters-topics/crude/article559.txt,10,9,4,9,3,4,4,1,2,7,0,0,2,1,0,0,0,0,2,0
reuters-topics/crude/article229.txt,7,3,0,1,2,2,2,2,0,2,0,1,2,2,0,0,0,1,0,0
reuters-topics/crude/article573.txt,10,5,5,1,1,1,2,3,0,1,0,1,1,2,0,2,0,1,0,0
reuters-topics/crude/article215.txt,5,3,1,4,3,1,1,1,1,2,4,0,0,0,0,2,1,0,1,0
reuters-topics/crude/article201.txt,11,6,5,8,8,4,2,2,5,2,0,0,2,2,2,1,1,2,0,0
reuters-topics/crude/article567.txt,0,0,0,0,0,0,0,0,0,0,6,0,0,0,0,0,0,0,0,0
reuters-topics/crude/article017.txt,14,12,6,3,3,7,3,4,6,3,0,1,2,0,1,1,0,1,1,0
reuters-topics/crude/article003.txt,10,2,5,0,4,8,6,1,0,1,0,0,0,1,2,2,3,0,2,0
reuters-topics/crude/article188.txt,13,10,8,6,3,5,2,1,3,3,0,0,2,1,3,3,0,1,0,0
reuters-topics/crude/article163.txt,9,4,5,3,1,2,4,0,2,3,0,0,0,0,0,0,0,1,0,0
reuters-topics/crude/article177.txt,4,0,2,3,3,4,1,5,0,5,0,4,2,0,1,3,0,0,1,0
reuters-topics/crude/article349.txt,3,0,5,2,2,2,0,1,2,5,0,0,1,0,0,0,0,0,0,0
reuters-topics/crude/article407.txt,0,2,0,0,0,0,0,0,0,0,2,0,0,0,0,0,0,0,0,0
reuters-topics/crude/article361.txt,2,3,1,2,3,1,2,2,1,3,1,0,1,0,0,0,0,1,2,0
reuters-topics/crude/article375.txt,2,1,3,1,1,3,1,0,0,2,3,0,2,0,2,2,1,0,2,0
reuters-topics/crude/article413.txt,2,0,3,1,3,2,1,1,0,2,0,0,0,0,0,2,0,0,0,0
reuters-topics/crude/article374.txt,4,17,5,1,2,2,3,3,5,2,0,0,0,0,0,0,2,0,2,0
reuters-topics/crude/article412.txt,7,3,3,3,0,3,3,0,1,0,2,0,0,1,0,3,0,3,0,0
reuters-topics/crude/article406.txt,10,11,11,2,1,6,4,3,1,6,1,0,0,1,0,1,2,2,3,0
reuters-topics/crude/article360.txt,35,16,30,22,25,13,25,17,11,24,9,8,4,5,3,2,4,7,3,0
reuters-topics/crude/article348.txt,5,4,5,3,2,1,0,1,0,5,0,0,0,0,1,0,0,0,1,0
reuters-topics/crude/article176.txt,3,1,3,0,3,2,0,1,1,1,1,0,0,0,0,0,1,2,0,0
reuters-topics/crude/article162.txt,25,9,8,8,9,6,7,11,7,2,0,6,4,1,2,2,4,4,4,0
reuters-topics/crude/article189.txt,4,8,0,4,2,2,0,0,0,4,6,0,0,1,1,1,0,0,0,0
reuters-topics/crude/article002.txt,19,5,3,3,4,6,4,1,3,2,0,0,2,0,1,1,2,1,2,0
reuters-topics/crude/article016.txt,11,10,6,1,1,3,1,1,0,3,0,0,3,0,0,1,1,1,1,0
reuters-topics/crude/article200.txt,49,11,23,22,10,11,11,2,6,2,0,2,3,9,1,2,8,5,3,0
reuters-topics/crude/article566.txt,26,10,16,13,6,6,5,9,1,4,4,1,2,0,7,4,2,0,4,0
reuters-topics/crude/article572.txt,10,5,5,1,1,1,2,3,0,1,0,1,1,2,0,2,0,1,0,0
reuters-topics/crude/article214.txt,21,15,7,6,0,3,6,3,2,4,0,2,2,3,3,4,7,0,0,0
reuters-topics/crude/article228.txt,0,4,0,0,0,0,0,2,0,2,0,0,0,0,0,0,0,0,0,0
reuters-topics/crude/article210.txt,9,1,3,6,3,3,1,0,0,1,0,0,0,1,2,1,3,0,0,0
reuters-topics/crude/article576.txt,7,1,4,2,3,3,1,6,1,5,0,5,1,5,0,0,2,3,0,0
reuters-topics/crude/article562.txt,18,13,5,3,10,6,8,4,3,7,3,0,1,3,2,2,1,5,1,0
reuters-topics/crude/article204.txt,12,0,2,8,4,3,4,2,0,1,0,1,1,2,1,0,2,0,3,0
reuters-topics/crude/article238.txt,0,0,0,0,2,0,0,0,0,0,0,0,0,0,0,0,0,0,0,0
reuters-topics/crude/article012.txt,10,4,3,2,4,4,3,1,1,0,0,0,1,0,0,0,1,0,1,0
reuters-topics/crude/article006.txt,5,6,4,3,3,2,3,1,0,1,0,1,2,0,1,0,0,0,2,0
reuters-topics/crude/article199.txt,41,26,11,21,17,13,13,7,8,3,1,0,3,6,3,2,5,13,2,1
reuters-topics/crude/article166.txt,6,1,1,3,0,1,1,1,0,2,0,1,1,0,0,0,0,0,1,0
reuters-topics/crude/article172.txt,0,0,0,0,0,0,2,0,0,0,0,0,0,0,0,0,0,0,2,0
reuters-topics/crude/article364.txt,0,4,0,0,0,0,0,0,0,0,0,0,0,0,0,0,0,0,0,0
reuters-topics/crude/article402.txt,4,1,6,2,2,4,0,0,0,2,2,0,0,1,0,3,3,0,0,0
reuters-topics/crude/article416.txt,23,4,8,3,2,8,6,4,3,4,0,0,1,0,0,1,0,0,1,0
reuters-topics/crude/article370.txt,5,6,3,0,5,4,4,6,3,6,0,0,3,2,2,2,2,1,2,0
reuters-topics/crude/article358.txt,1,6,5,2,0,1,1,3,3,5,1,0,1,0,0,0,0,0,0,0
reuters-topics/crude/article359.txt,11,3,2,2,1,3,4,0,0,3,0,0,2,0,1,0,0,1,1,0
reuters-topics/crude/article417.txt,8,7,3,0,5,2,4,3,4,5,3,3,1,1,2,2,2,1,0,0
reuters-topics/crude/article371.txt,4,17,5,1,2,2,3,3,5,2,0,0,0,0,0,0,2,0,2,0
reuters-topics/crude/article365.txt,0,0,0,0,0,0,0,0,0,0,4,0,0,0,0,0,0,0,0,0
reuters-topics/crude/article403.txt,16,6,7,2,4,6,5,5,2,9,2,0,0,1,6,0,1,3,3,0
reuters-topics/crude/article173.txt,1,4,0,0,2,2,6,0,1,3,0,0,0,3,0,0,2,0,1,0
reuters-topics/crude/article167.txt,34,14,18,10,8,13,14,25,1,7,4,20,9,4,3,4,5,2,5,0
reuters-topics/crude/article198.txt,16,10,13,12,7,5,11,2,2,2,0,0,3,2,3,1,4,3,0,0
reuters-topics/crude/article007.txt,0,0,0,0,0,0,0,0,0,0,2,0,0,0,0,0,0,0,0,0
reuters-topics/crude/article013.txt,11,8,4,14,3,0,7,6,7,5,0,6,3,0,4,2,0,2,2,0
reuters-topics/crude/article239.txt,4,6,3,0,0,2,3,0,0,0,0,0,0,1,2,4,2,0,0,0
reuters-topics/crude/article563.txt,1,5,2,6,4,2,0,1,0,4,1,1,0,1,1,0,3,1,0,0
reuters-topics/crude/article205.txt,11,10,2,4,5,4,1,2,2,1,0,1,4,1,0,0,3,1,0,0
reuters-topics/crude/article211.txt,0,0,0,0,0,0,0,0,0,0,0,0,0,0,0,0,0,0,0,0
reuters-topics/crude/article577.txt,15,14,7,5,4,5,2,8,2,9,0,5,1,7,0,0,2,5,0,0
reuters-topics/crude/article207.txt,25,8,3,8,7,3,7,1,1,1,0,2,3,5,1,2,0,2,3,0
reuters-topics/crude/article561.txt,33,20,10,3,14,13,15,9,9,14,3,4,4,3,3,5,8,2,7,0
reuters-topics/crude/article575.txt,3,3,2,4,3,3,6,0,1,4,5,2,3,0,2,0,0,0,1,0
reuters-topics/crude/article213.txt,10,4,1,0,2,3,1,1,1,1,0,1,1,0,0,2,0,2,1,0
reuters-topics/crude/article549.txt,16,7,12,9,6,6,8,9,2,7,6,0,2,1,9,3,2,0,3,0
reuters-topics/crude/article005.txt,4,1,1,3,4,2,1,0,0,4,0,0,0,1,2,0,0,0,1,1
reuters-topics/crude/article011.txt,15,9,11,5,4,9,4,7,10,12,0,6,5,2,1,2,1,2,4,0
reuters-topics/crude/article039.txt,0,0,0,0,0,0,0,0,0,0,0,0,0,0,0,0,0,0,2,0
reuters-topics/crude/article171.txt,2,3,2,0,2,2,6,0,2,3,0,0,0,0,0,0,1,0,1,0
reuters-topics/crude/article165.txt,3,1,2,0,1,1,2,1,2,3,0,0,1,0,0,1,3,1,1,0
reuters-topics/crude/article159.txt,8,3,6,9,2,5,6,2,3,2,0,2,5,3,1,1,2,1,0,0
reuters-topics/crude/article398.txt,6,6,2,4,2,3,8,4,4,3,0,1,1,2,0,0,5,0,0,0
reuters-topics/crude/article373.txt,9,2,7,1,3,0,4,0,4,5,0,0,1,0,1,1,1,0,3,0
reuters-topics/crude/article415.txt,4,3,2,3,2,2,2,0,2,2,1,0,1,0,0,0,0,1,1,0
reuters-topics/crude/article401.txt,0,2,0,0,0,0,0,0,0,2,0,0,0,0,0,0,0,0,2,0
reuters-topics/crude/article367.txt,2,3,1,0,1,1,3,2,2,1,0,0,0,0,0,0,1,0,0,0
reuters-topics/crude/article429.txt,12,3,4,2,0,4,3,0,2,5,2,0,1,3,3,0,1,1,2,0
reuters-topics/crude/article428.txt,12,7,3,5,7,4,9,5,1,2,3,1,1,0,2,0,1,0,2,0
reuters-topics/crude/article400.txt,4,3,0,0,2,1,4,3,2,1,0,0,1,0,0,0,2,0,0,0
reuters-topics/crude/article366.txt,7,6,2,6,3,4,0,0,0,2,9,0,0,0,0,0,1,0,1,0
reuters-topics/crude/article372.txt,9,2,7,1,3,0,4,0,4,5,0,0,1,0,1,1,1,0,3,0
reuters-topics/crude/article414.txt,0,0,0,0,0,0,0,0,0,0,0,0,0,0,0,2,0,0,2,0
reuters-topics/crude/article399.txt,0,2,0,0,0,0,0,0,0,0,0,0,0,0,0,0,0,0,0,0
reuters-topics/crude/article158.txt,17,3,4,4,6,4,4,5,1,5,0,4,4,1,0,1,0,0,3,0
reuters-topics/crude/article164.txt,0,0,0,0,0,0,0,0,0,0,0,0,0,0,0,0,0,0,0,0
reuters-topics/crude/article170.txt,8,1,1,4,1,2,4,3,0,2,0,1,3,0,1,0,4,0,1,0
reuters-topics/crude/article038.txt,27,12,12,11,9,5,6,7,3,2,0,3,4,5,1,4,2,2,3,0
reuters-topics/crude/article010.txt,1,6,0,4,1,3,2,4,0,0,0,2,0,0,0,1,0,0,0,0
reuters-topics/crude/article004.txt,13,4,14,12,7,9,1,4,3,8,9,1,4,0,2,1,7,2,1,0
reuters-topics/crude/article548.txt,7,4,3,3,3,3,4,2,1,1,1,0,1,1,1,1,1,2,0,0
reuters-topics/crude/article574.txt,7,5,3,1,1,3,3,3,0,4,0,1,0,2,2,1,0,1,0,0
reuters-topics/crude/article212.txt,28,8,9,6,6,8,4,5,1,5,0,1,1,1,2,1,0,0,7,0
reuters-topics/crude/article206.txt,8,1,1,3,2,3,1,1,3,2,0,0,0,0,2,0,0,0,2,0
reuters-topics/crude/article560.txt,2,5,2,5,4,2,0,1,0,3,1,1,0,1,1,0,3,1,0,0
